"rules","support","confidence","coverage","lift","count","imbalance"
"{adherencia=muy_alta} => {difusion=alta}",0.159189475213214,0.951267902535805,0.16734452491129,3.65366633387288,15343,0.346406491499227
"{1_resp=tranqui} => {difusion=alta}",0.0595339378722168,0.297675866362316,0.199995849847482,1.14332491239869,5738,0.15060053841375
"{1_resp=desde el pasado} => {difusion=alta}",0.0854412649664875,0.427170868347339,0.200016600610072,1.64069429477378,8235,0.160943077731964
"{1_resp=hace un ratín} => {difusion=alta}",0.0654167790666307,0.327056748625376,0.200016600610072,1.25617213461429,6305,0.152783250584496
"{RT_popular=muchos} => {difusion=alta}",0.0659978004191654,0.328886820743498,0.200670249631674,1.26320114596716,6361,0.151100488522351
"{retweet_source=Twitter for iPhone} => {difusion=alta}",0.0742669793114897,0.335819845179451,0.221151252308522,1.28982977277779,7158,0.0962778018394436
"{retweet_verified=Verificados} => {difusion=alta}",0.082339025959204,0.367067530064755,0.224315743603577,1.40984708227868,7936,0.0895868791582856
"{polaridad=Negativo} => {difusion=alta}",0.0699508206926605,0.28370644672614,0.24656056110062,1.08967062837168,6742,0.0315794472409535
"{polaridad=Positivo} => {difusion=alta}",0.0685501442178,0.272734778121775,0.251343611877737,1.04753022176349,6607,0.0203455703315226
"{RT_popular=muy muchos} => {difusion=alta}",0.104417837355523,0.412239380657846,0.253294183561246,1.58334486277853,10064,0.0172654209872474
"{adherencia=alta} => {difusion=alta}",0.0941669606358034,0.33769906236047,0.278848747691478,1.29704754237773,9076,0.0415442719261435
"{n_char=largo} => {difusion=alta}",0.129671515428192,0.298859370142758,0.433888070386587,1.1478705592213,12498,0.3073601029128
"{fecha_inicio_T_momento=Noche} => {difusion=alta}",0.122543628478347,0.268328145943613,0.456693158473574,1.03060505946988,11811,0.330244328097731
"{retweet_es_finde=Finde} => {difusion=alta}",0.173497126019381,0.284499038739643,0.60983378639165,1.09271484625027,16722,0.501615809617418
"{adherencia=muy_alta,fecha_inicio_T_momento=Mañana} => {difusion=alta}",0.0241538876553713,0.967581047381546,0.0249631673964018,3.71632248779502,2328,0.901318925790561
"{fecha_inicio_T_momento=Mañana,retweet_es_finde=Finde} => {difusion=alta}",0.0266647299288249,0.292244712303844,0.0912411031105393,1.12246472707695,2570,0.520467462800945
"{1_resp=tranqui,adherencia=muy_alta} => {difusion=alta}",0.0314581560872362,0.953459119496855,0.0329937125189351,3.66208244422356,3032,0.868156247523968
"{1_resp=desde el pasado,adherencia=muy_alta} => {difusion=alta}",0.061712767944222,0.949401436552274,0.0650017638148202,3.6464975395625,5948,0.740978316477116
"{1_resp=hace un ratín,adherencia=muy_alta} => {difusion=alta}",0.0414600236558694,0.958273381294964,0.043265340001245,3.68057324603376,3996,0.828082950767769
"{adherencia=muy_alta,RT_popular=muchos} => {difusion=alta}",0.0431823369508829,0.943550215370664,0.0457658068934033,3.62402394428371,4162,0.816122795249181
"{adherencia=muy_alta,retweet_source=Twitter for iPhone} => {difusion=alta}",0.0529663215123156,0.949237634808479,0.0557988006059223,3.64586840352717,5105,0.777230259786336
"{adherencia=muy_alta,retweet_verified=Verificados} => {difusion=alta}",0.0508601191093773,0.970693069306931,0.0523956755410761,3.7282752612553,4902,0.794073369780524
"{adherencia=muy_alta,retweet_source=Twitter Web App} => {difusion=alta}",0.0343010105621382,0.966384098216896,0.0354941794110934,3.7117251994238,3306,0.859732635169979
"{adherencia=muy_alta,polaridad=Negativo} => {difusion=alta}",0.0431823369508829,0.971068595426972,0.0444688842314955,3.72971759641517,4162,0.825124910778016
"{adherencia=muy_alta,n_char=medio} => {difusion=alta}",0.0382021539291569,0.950438822922044,0.0401942271378473,3.65048197301636,3682,0.839199557067152
"{adherencia=muy_alta,polaridad=Positivo} => {difusion=alta}",0.0426946940300056,0.958983919832207,0.0445207611379718,3.68330230976599,4115,0.823229125445192
"{adherencia=muy_alta,RT_popular=muy muchos} => {difusion=alta}",0.0701168267933847,0.961855963563905,0.072897428980515,3.69433336575342,6758,0.712404384512262
"{adherencia=muy_alta,RT_popular=amigos medios} => {difusion=alta}",0.0304102425764147,0.946705426356589,0.032122180490133,3.63614259994823,2931,0.870897501880518
"{adherencia=muy_alta,n_char=corto} => {difusion=alta}",0.0470316034114254,0.922091131000814,0.051005374447511,3.54160306798918,4533,0.792008478235271
"{adherencia=muy_alta,retweet_source=Twitter for Android} => {difusion=alta}",0.0496565748791268,0.933125365568337,0.0532153306634019,3.58398378035417,4786,0.784880292487322
"{adherencia=muy_alta,fecha_inicio_T_momento=Tarde} => {difusion=alta}",0.0603743437571331,0.956443129520053,0.0631238198003777,3.67354354464819,5819,0.74963523798257
"{adherencia=muy_alta,retweet_es_finde=Laborable} => {difusion=alta}",0.0504451038575668,0.94352804191733,0.0534643398144882,3.62393877963163,4862,0.785542643293284
"{adherencia=muy_alta,n_char=largo} => {difusion=alta}",0.0739660932539271,0.97125340599455,0.0761552987072275,3.73042742394862,7129,0.701600474214582
"{adherencia=muy_alta,fecha_inicio_T_momento=Noche} => {difusion=alta}",0.0746612438007097,0.942008116245582,0.079257537714511,3.61810099067433,7196,0.683518032658496
"{adherencia=muy_alta,polaridad=Neutro} => {difusion=alta}",0.0733124442323255,0.935646186440678,0.0783548795418232,3.59366584607976,7066,0.685770132916341
"{adherencia=muy_alta,retweet_es_finde=Finde} => {difusion=alta}",0.108744371355647,0.954901603498542,0.113880185096802,3.66762279223705,10481,0.551721442807456
"{adherencia=muy_alta,retweet_verified=Sin verificar} => {difusion=alta}",0.108329356103837,0.942413575232422,0.114948849370214,3.61965829313985,10441,0.544652572672159
"{1_resp=tranqui,retweet_verified=Verificados} => {difusion=alta}",0.0208856425473636,0.444861878453039,0.0469486003610633,1.70864260656176,2013,0.745091646743462
"{1_resp=tranqui,RT_popular=muy muchos} => {difusion=alta}",0.0245066506194103,0.469956227616395,0.0521466663899898,1.8050259476418,2362,0.722962749477628
"{1_resp=tranqui,adherencia=alta} => {difusion=alta}",0.0254611856985744,0.359244620114185,0.0708742296279388,1.37980054896969,2454,0.619693936412066
"{1_resp=tranqui,retweet_es_finde=Laborable} => {difusion=alta}",0.0288746861447158,0.295906432748538,0.0975804610819448,1.1365288037447,2783,0.494671459200404
"{1_resp=tranqui,n_char=largo} => {difusion=alta}",0.0303064887634621,0.338078703703704,0.0896432943910689,1.29850568344506,2921,0.533995391555512
"{1_resp=tranqui,fecha_inicio_T_momento=Noche} => {difusion=alta}",0.0313336515116931,0.312532339853048,0.100257309456123,1.20038622697523,3020,0.4862148281186
"{1_resp=tranqui,polaridad=Neutro} => {difusion=alta}",0.0268722375547301,0.272746419545072,0.0985246207798137,1.04757493458967,2590,0.4874375
"{1_resp=tranqui,retweet_es_finde=Finde} => {difusion=alta}",0.030659251727501,0.299361766791612,0.102415388765537,1.14980018358608,2955,0.475570134333021
"{1_resp=desde el pasado,RT_popular=muchos} => {difusion=alta}",0.0216949222883941,0.499880468563232,0.0434002199580835,1.9199601227808,2091,0.769182667549474
"{1_resp=desde el pasado,retweet_source=Twitter for iPhone} => {difusion=alta}",0.0263845946338528,0.514777327935223,0.0512543835985972,1.97717655300281,2543,0.733112655050744
"{1_resp=desde el pasado,retweet_verified=Verificados} => {difusion=alta}",0.0215600423315557,0.586839875741316,0.0367392251665249,2.25395715723677,2078,0.811575102609481
"{1_resp=desde el pasado,polaridad=Negativo} => {difusion=alta}",0.0204913780581436,0.436753648827952,0.0469174742171775,1.67750020647707,1975,0.744256720089722
"{1_resp=desde el pasado,polaridad=Positivo} => {difusion=alta}",0.0216222946193273,0.424959216965742,0.0508808698719678,1.63219969911501,2084,0.723292971268897
"{1_resp=desde el pasado,RT_popular=muy muchos} => {difusion=alta}",0.0330040879002303,0.683204467353952,0.0483077753107427,2.62407798567421,3181,0.769242350107268
"{1_resp=desde el pasado,adherencia=alta} => {difusion=alta}",0.0226909588927393,0.355378615534612,0.063850096491046,1.36495184994249,2187,0.651732562540862
"{1_resp=desde el pasado,n_char=corto} => {difusion=alta}",0.024454773712934,0.416799292661362,0.05867278122471,1.60085874811857,2357,0.684664694280079
"{1_resp=desde el pasado,retweet_source=Twitter for Android} => {difusion=alta}",0.0292585752526405,0.421966182852013,0.06933867319624,1.62070393861651,2820,0.635804814034603
"{1_resp=desde el pasado,fecha_inicio_T_momento=Tarde} => {difusion=alta}",0.031883546720342,0.422637876495668,0.0754393973978544,1.62328380538796,3073,0.608459647685375
"{1_resp=desde el pasado,n_char=largo} => {difusion=alta}",0.0416467805191841,0.433852140077821,0.0959930277437696,1.66635598011399,4014,0.522286693920612
"{1_resp=desde el pasado,fecha_inicio_T_momento=Noche} => {difusion=alta}",0.0418646635263846,0.439542483660131,0.0952460002905107,1.68821167052406,4035,0.526274016997917
"{1_resp=desde el pasado,polaridad=Neutro} => {difusion=alta}",0.0433275922890166,0.423873325213155,0.102218256520927,1.62802896432192,4176,0.495352616184595
"{1_resp=desde el pasado,retweet_es_finde=Finde} => {difusion=alta}",0.066495818721338,0.422200263504611,0.157498288062086,1.62160300458681,6409,0.29275062749151
"{1_resp=desde el pasado,retweet_verified=Sin verificar} => {difusion=alta}",0.0638812226349318,0.391218706315923,0.163287750824843,1.50260784857501,6157,0.269819754866619
"{1_resp=hace un ratín,retweet_verified=Verificados} => {difusion=alta}",0.0205328795833247,0.51928627656783,0.0395405781162458,1.99449469626845,1979,0.79042561093367
"{1_resp=hace un ratín,RT_popular=muy muchos} => {difusion=alta}",0.0247037828640203,0.558003280993672,0.0442717519868855,2.14320045543684,2381,0.771942179392142
"{1_resp=hace un ratín,adherencia=alta} => {difusion=alta}",0.0224627005042435,0.334466244399815,0.0671598431242348,1.28463081086088,2165,0.633324263655534
"{1_resp=hace un ratín,fecha_inicio_T_momento=Tarde} => {difusion=alta}",0.0285011724180864,0.366022651565623,0.0778672366209458,1.40583387276631,2747,0.589206753316361
"{1_resp=hace un ratín,n_char=largo} => {difusion=alta}",0.0332945985764977,0.360521289742726,0.0923512689091324,1.38470403076366,3209,0.525985837718443
"{1_resp=hace un ratín,fecha_inicio_T_momento=Noche} => {difusion=alta}",0.0256271917992986,0.291996689916066,0.0877653503766263,1.12151211315415,2470,0.535180001930316
"{1_resp=hace un ratín,polaridad=Neutro} => {difusion=alta}",0.0292689506339358,0.301195814648729,0.0971758212114295,1.15684446511014,2821,0.497107999620721
"{1_resp=hace un ratín,retweet_es_finde=Finde} => {difusion=alta}",0.0497188271668984,0.371012697429545,0.134008424809612,1.42499983277494,4792,0.366608465289903
"{1_resp=hace un ratín,retweet_verified=Sin verificar} => {difusion=alta}",0.044883899483306,0.279656086366281,0.160496773256417,1.07411384857555,4326,0.265612495515633
"{retweet_source=Twitter for iPhone,RT_popular=muchos} => {difusion=alta}",0.0220269344898425,0.432294848299735,0.0509534975410346,1.66037467397884,2123,0.723872032135428
"{adherencia=alta,RT_popular=muchos} => {difusion=alta}",0.0223796974538814,0.339150943396226,0.0659874250378701,1.30262398288097,2157,0.63945113834181
"{retweet_source=Twitter for Android,RT_popular=muchos} => {difusion=alta}",0.0211242763171547,0.379921627169248,0.0556016683613123,1.45921759264471,2036,0.694478657141852
"{fecha_inicio_T_momento=Tarde,RT_popular=muchos} => {difusion=alta}",0.0259384532381565,0.317540962784199,0.0816853769376024,1.21962353849792,2500,0.565234516033742
"{retweet_es_finde=Laborable,RT_popular=muchos} => {difusion=alta}",0.0215289161876699,0.296343901742359,0.0726484198294287,1.13820905147573,2075,0.60264481529596
"{n_char=largo,RT_popular=muchos} => {difusion=alta}",0.0343010105621382,0.362858083635166,0.0945300989811375,1.39367927858949,3306,0.517265930936276
"{fecha_inicio_T_momento=Noche,RT_popular=muchos} => {difusion=alta}",0.0299744765620137,0.340523338048091,0.0880247349090079,1.30789512902491,2889,0.541236273583369
"{polaridad=Neutro,RT_popular=muchos} => {difusion=alta}",0.0301508580440331,0.295295193577888,0.102104127326679,1.13418113283749,2906,0.476224671391551
"{retweet_es_finde=Finde,RT_popular=muchos} => {difusion=alta}",0.0444688842314955,0.347353918469892,0.128021829802245,1.33413028492728,4286,0.384801037801309
"{retweet_verified=Sin verificar,RT_popular=muchos} => {difusion=alta}",0.0499055840302131,0.326101694915254,0.153036874105123,1.25250392760509,4810,0.295256036992636
"{retweet_source=Twitter for iPhone,retweet_verified=Verificados} => {difusion=alta}",0.0204913780581436,0.599757060431218,0.0341661306052998,2.3035699768264,1975,0.825420263516583
"{retweet_source=Twitter for iPhone,RT_popular=muy muchos} => {difusion=alta}",0.0269967421302733,0.677427753189274,0.0398518395551037,2.60189055981065,2602,0.807086165647667
"{adherencia=alta,retweet_source=Twitter for iPhone} => {difusion=alta}",0.0208960179286589,0.315179968701095,0.066298686476728,1.21055534164936,2014,0.634679334916864
"{n_char=corto,retweet_source=Twitter for iPhone} => {difusion=alta}",0.0225249527920151,0.276243796920728,0.0815401215994688,1.06100779607929,2171,0.559905139367163
"{fecha_inicio_T_momento=Tarde,retweet_source=Twitter for iPhone} => {difusion=alta}",0.0272872528065406,0.333798705419469,0.081747629225374,1.28206690148001,2630,0.567346669742609
"{retweet_es_finde=Laborable,retweet_source=Twitter for iPhone} => {difusion=alta}",0.0249112904899255,0.284647302904564,0.08751634122554,1.09328430495528,2401,0.53517733230532
"{n_char=largo,retweet_source=Twitter for iPhone} => {difusion=alta}",0.036189329957876,0.392350956130484,0.0922371397148845,1.50695663719488,3488,0.531348373557188
"{fecha_inicio_T_momento=Noche,retweet_source=Twitter for iPhone} => {difusion=alta}",0.036863729742068,0.339934940681209,0.108443485298085,1.30563518979582,3553,0.457662613696746
"{polaridad=Neutro,retweet_source=Twitter for iPhone} => {difusion=alta}",0.0360648253823328,0.314086925092618,0.114824344794671,1.20635713773319,3476,0.429157105705981
"{retweet_es_finde=Finde,retweet_source=Twitter for iPhone} => {difusion=alta}",0.0493556888215642,0.369332298136646,0.133634911082982,1.41854569056373,4757,0.367703284462775
"{retweet_source=Twitter for iPhone,retweet_verified=Sin verificar} => {difusion=alta}",0.0537756012533461,0.287592941959827,0.186985121703223,1.104598028691,5183,0.186433975693987
"{polaridad=Negativo,retweet_verified=Verificados} => {difusion=alta}",0.0222655682596335,0.409229595728452,0.0544084995123571,1.5717847651032,2146,0.704100454029512
"{n_char=medio,retweet_verified=Verificados} => {difusion=alta}",0.0243302691373908,0.341637529137529,0.0712166172106825,1.31217455699902,2345,0.61560800999561
"{polaridad=Positivo,retweet_verified=Verificados} => {difusion=alta}",0.0234172355834077,0.401315789473684,0.0583511444045569,1.54138911377431,2257,0.684094023400443
"{retweet_verified=Verificados,RT_popular=muy muchos} => {difusion=alta}",0.0620344047643751,0.383638113570741,0.161700317486668,1.47349201650495,5979,0.274034582132565
"{adherencia=alta,retweet_verified=Verificados} => {difusion=alta}",0.0292689506339358,0.372065418095489,0.078666140980681,1.42904316278311,2821,0.586568414001005
"{fecha_inicio_T_momento=Tarde,retweet_verified=Verificados} => {difusion=alta}",0.0314581560872362,0.354744354744355,0.0886783839306095,1.36251575671357,3032,0.540592636152766
"{retweet_es_finde=Laborable,retweet_verified=Verificados} => {difusion=alta}",0.0275362619576269,0.328668730650155,0.0837812039592455,1.26236349715164,2654,0.557725708667868
"{n_char=largo,retweet_verified=Verificados} => {difusion=alta}",0.0398829656989894,0.437962857468383,0.0910647216285198,1.68214458151422,3844,0.543410930162853
"{fecha_inicio_T_momento=Noche,retweet_verified=Verificados} => {difusion=alta}",0.0373098711377643,0.385258195843154,0.0968438090099811,1.47971449078484,3596,0.511157239231967
"{polaridad=Neutro,retweet_verified=Verificados} => {difusion=alta}",0.0366562221161628,0.328528919471824,0.111576850449254,1.26182650500253,3533,0.443756769302182
"{retweet_es_finde=Finde,retweet_verified=Verificados} => {difusion=alta}",0.0548027640015771,0.389959394610557,0.140534539644332,1.49777103575973,5282,0.34622418083161
"{retweet_source=Twitter Web App,RT_popular=muy muchos} => {difusion=alta}",0.0219439314394804,0.415194346289753,0.0528521923180677,1.59469440838842,2115,0.712428311901115
"{adherencia=alta,retweet_source=Twitter Web App} => {difusion=alta}",0.0232512294826835,0.354028436018957,0.0656761635990123,1.35976602854783,2241,0.642977075694754
"{n_char=largo,retweet_source=Twitter Web App} => {difusion=alta}",0.0351206656844639,0.283738474434199,0.123778298852483,1.08979364162417,3385,0.391331490234549
"{polaridad=Negativo,RT_popular=muy muchos} => {difusion=alta}",0.0260629578136997,0.434151399930868,0.0600319561743894,1.66750538886335,2512,0.680626057529611
"{adherencia=alta,polaridad=Negativo} => {difusion=alta}",0.0255960656554128,0.355680507497116,0.0719636446639414,1.36611136819905,2467,0.614213713087305
"{fecha_inicio_T_momento=Tarde,polaridad=Negativo} => {difusion=alta}",0.0265713514971675,0.281645221599032,0.0943433421178228,1.08175379565466,2561,0.505944476063998
"{n_char=largo,polaridad=Negativo} => {difusion=alta}",0.0390010582888921,0.328125,0.118860368118528,1.26027511556547,3759,0.415906803696136
"{fecha_inicio_T_momento=Noche,polaridad=Negativo} => {difusion=alta}",0.0320391774397709,0.286722376973073,0.111742856549978,1.10125432921889,3088,0.437027092994874
"{polaridad=Negativo,retweet_es_finde=Finde} => {difusion=alta}",0.0471146064617875,0.312117671317616,0.150951422464776,1.1987935521214,4541,0.300410233035155
"{n_char=medio,RT_popular=muy muchos} => {difusion=alta}",0.0300367288497852,0.381071475582467,0.07882177170011,1.46363397463893,2895,0.587226473352128
"{adherencia=alta,n_char=medio} => {difusion=alta}",0.0235521155402461,0.33769711395418,0.0697433130667552,1.29704005886394,2270,0.621810058891221
"{fecha_inicio_T_momento=Noche,n_char=medio} => {difusion=alta}",0.030700753252682,0.268414368650218,0.114378203398975,1.03093622695646,2959,0.424319189360355
"{n_char=medio,retweet_es_finde=Finde} => {difusion=alta}",0.041605278994003,0.275904775010321,0.150795791745347,1.05970566769127,4010,0.296479308214948
"{polaridad=Positivo,RT_popular=muy muchos} => {difusion=alta}",0.0283766678425432,0.439569270331083,0.0645556224191239,1.68831455379973,2735,0.660298799902033
"{adherencia=alta,polaridad=Positivo} => {difusion=alta}",0.0243095183748003,0.33780276816609,0.0719636446639414,1.29744585962318,2343,0.611648196180146
"{fecha_inicio_T_momento=Tarde,polaridad=Positivo} => {difusion=alta}",0.0263742192525575,0.269508057675997,0.0978605963769169,1.03513690981621,2542,0.489682341170585
"{n_char=largo,polaridad=Positivo} => {difusion=alta}",0.0377663879147559,0.3032827862023,0.124525326305742,1.1648601856918,3640,0.391319942611191
"{fecha_inicio_T_momento=Noche,polaridad=Positivo} => {difusion=alta}",0.0321325558714283,0.280627038782167,0.114502707974518,1.07784311994512,3097,0.425574425574426
"{polaridad=Positivo,retweet_es_finde=Finde} => {difusion=alta}",0.0451847855408686,0.297168201978847,0.152051212882073,1.14137505551627,4355,0.294936994970899
"{adherencia=alta,RT_popular=muy muchos} => {difusion=alta}",0.031686414475732,0.375830666994831,0.0843103484053039,1.44350487551988,3054,0.562487568786051
"{n_char=corto,RT_popular=muy muchos} => {difusion=alta}",0.0285115477993816,0.361103810775296,0.0789566516569484,1.386941399942,2748,0.583656028842302
"{retweet_source=Twitter for Android,RT_popular=muy muchos} => {difusion=alta}",0.0201697412379905,0.566929133858268,0.0355771824614555,2.17748321429535,1944,0.815117197787727
"{fecha_inicio_T_momento=Tarde,RT_popular=muy muchos} => {difusion=alta}",0.0383577846485858,0.400281507145951,0.0958270216430454,1.53741660244445,3697,0.517677014983841
"{retweet_es_finde=Laborable,RT_popular=muy muchos} => {difusion=alta}",0.0351932933535307,0.365359758724688,0.096325039945218,1.40328780845632,3392,0.510230426644291
"{n_char=largo,RT_popular=muy muchos} => {difusion=alta}",0.0458799360876512,0.480234578627281,0.095536510966778,1.84450343338067,4422,0.531659973226238
"{fecha_inicio_T_momento=Noche,RT_popular=muy muchos} => {difusion=alta}",0.0510157498288062,0.429319828865799,0.118829241974643,1.64894810495511,4917,0.431267783749605
"{polaridad=Neutro,RT_popular=muy muchos} => {difusion=alta}",0.0499782116992799,0.388279864581654,0.128716980349028,1.4913202322511,4817,0.388214056237188
"{retweet_es_finde=Finde,RT_popular=muy muchos} => {difusion=alta}",0.0692245440019921,0.441007336902637,0.156969143616028,1.69383793517773,6672,0.297010521295938
"{retweet_verified=Sin verificar,RT_popular=muy muchos} => {difusion=alta}",0.042393807972443,0.462740656851642,0.0916146168371688,1.77731210602833,4086,0.545076747771298
"{adherencia=alta,RT_popular=amigos medios} => {difusion=alta}",0.0230852233819593,0.309543683917641,0.0745782407503476,1.18890728235236,2225,0.595734770602522
"{adherencia=alta,retweet_source=Twitter for Android} => {difusion=alta}",0.0288954369073063,0.329390892962744,0.0877238488514453,1.26513720592712,2785,0.540859446105838
"{adherencia=alta,fecha_inicio_T_momento=Tarde} => {difusion=alta}",0.0354526778859123,0.344872830036334,0.102799277873462,1.32460082508018,3417,0.48079784707931
"{adherencia=alta,retweet_es_finde=Laborable} => {difusion=alta}",0.0336784876844224,0.317705784476852,0.106005270693698,1.22025659199203,3246,0.463963823483549
"{adherencia=alta,n_char=largo} => {difusion=alta}",0.0514618912245025,0.393557089581846,0.130760930464195,1.51158920092761,4960,0.381556037511073
"{adherencia=alta,fecha_inicio_T_momento=Noche} => {difusion=alta}",0.0448631487207155,0.330252806843351,0.135844867298873,1.26844767789814,4324,0.354398606148303
"{adherencia=alta,polaridad=Neutro} => {difusion=alta}",0.0442613766055903,0.3280276816609,0.13493183374489,1.25990133154702,4266,0.357313865161233
"{adherencia=alta,retweet_es_finde=Finde} => {difusion=alta}",0.060488472951381,0.349960982051744,0.17284347699778,1.34414359496737,5830,0.234807783314311
"{adherencia=alta,retweet_verified=Sin verificar} => {difusion=alta}",0.0648980100018676,0.324160447761194,0.200203357473387,1.24504791089979,6255,0.152038809492592
"{n_char=largo,retweet_source=Twitter for Android} => {difusion=alta}",0.0421863003465377,0.284355549339115,0.14835757714096,1.09216372664392,4066,0.305573640558213
"{retweet_es_finde=Finde,retweet_source=Twitter for Android} => {difusion=alta}",0.0535473428648503,0.27710067114094,0.193241476624266,1.06429891152889,5161,0.167773224752321
"{fecha_inicio_T_momento=Tarde,n_char=largo} => {difusion=alta}",0.0520636633396277,0.291067285382831,0.178871573530327,1.11794242048968,5018,0.2104727194769
"{n_char=largo,retweet_es_finde=Laborable} => {difusion=alta}",0.0418854142889751,0.270340855822675,0.154935568882156,1.03833555295692,4037,0.282328424562378
"{fecha_inicio_T_momento=Noche,n_char=largo} => {difusion=alta}",0.0577078707642506,0.312138728323699,0.184878919300284,1.19887442867996,5562,0.194773901635833
"{n_char=largo,polaridad=Neutro} => {difusion=alta}",0.052904069224544,0.277708185828659,0.190502375962317,1.06663227729887,5099,0.175539680884347
"{n_char=largo,retweet_es_finde=Finde} => {difusion=alta}",0.0877861011392169,0.314699099903295,0.27895250150443,1.20870840228259,8461,0.0411774167604953
"{fecha_inicio_T_momento=Noche,retweet_es_finde=Finde} => {difusion=alta}",0.0774314706065448,0.305585128163132,0.253387561992903,1.17370310921411,7463,0.0159798349701566
"{1_resp=desde el pasado,adherencia=muy_alta,retweet_source=Twitter for iPhone} => {difusion=alta}",0.0212384055114025,0.956095282578235,0.0222136913531572,3.67220752074023,2047,0.911267270128633
"{1_resp=desde el pasado,adherencia=muy_alta,RT_popular=muy muchos} => {difusion=alta}",0.0264572223029196,0.965909090909091,0.0273910066194933,3.70990077309317,2550,0.891597839898348
"{1_resp=desde el pasado,adherencia=muy_alta,n_char=corto} => {difusion=alta}",0.0200348612811521,0.921278625954199,0.0217467991948704,3.5384823673674,1931,0.910487351043193
"{1_resp=desde el pasado,adherencia=muy_alta,retweet_source=Twitter for Android} => {difusion=alta}",0.0212695316552883,0.925090252707581,0.0229918449503019,3.55312220994908,2050,0.905700712589074
"{1_resp=desde el pasado,adherencia=muy_alta,fecha_inicio_T_momento=Tarde} => {difusion=alta}",0.0219024299142993,0.95910949568378,0.022836214230873,3.68378462632478,2111,0.909029542566709
"{1_resp=desde el pasado,adherencia=muy_alta,n_char=largo} => {difusion=alta}",0.0274428835259696,0.97028613352898,0.0282832894108858,3.72671228667371,2645,0.88850049652433
"{1_resp=desde el pasado,adherencia=muy_alta,fecha_inicio_T_momento=Noche} => {difusion=alta}",0.0313544022742836,0.940553999377529,0.0333361001016787,3.61251596270045,3022,0.865374728099664
"{1_resp=desde el pasado,adherencia=muy_alta,polaridad=Neutro} => {difusion=alta}",0.0317590421447988,0.933801098230628,0.0340104998858708,3.58657916034368,3061,0.861917743273676
"{1_resp=desde el pasado,adherencia=muy_alta,retweet_es_finde=Finde} => {difusion=alta}",0.0471042310804922,0.949790794979079,0.0495943225913552,3.647993002378,4540,0.801847319807374
"{1_resp=desde el pasado,adherencia=muy_alta,retweet_verified=Sin verificar} => {difusion=alta}",0.0458488099437654,0.940012763241863,0.0487746674690295,3.61043716214144,4419,0.803633354350568
"{1_resp=hace un ratín,adherencia=muy_alta,n_char=largo} => {difusion=alta}",0.0200659874250379,0.977755308392316,0.0205225042020294,3.75540018065945,1934,0.919564006683109
"{1_resp=hace un ratín,adherencia=muy_alta,retweet_es_finde=Finde} => {difusion=alta}",0.0321636820153141,0.964230171073095,0.0333568508642693,3.70345231323691,3100,0.867904319885755
"{1_resp=hace un ratín,adherencia=muy_alta,retweet_verified=Sin verificar} => {difusion=alta}",0.0273598804756075,0.951985559566787,0.0287398061878774,3.65642273858955,2637,0.884924882070797
"{adherencia=muy_alta,n_char=largo,RT_popular=muchos} => {difusion=alta}",0.0209167686912494,0.967834853576572,0.021611919238032,3.71729731638707,2016,0.91455029609316
"{adherencia=muy_alta,retweet_es_finde=Finde,RT_popular=muchos} => {difusion=alta}",0.0295387105476126,0.947736351531292,0.0311676454109688,3.64010221699565,2847,0.874816838937072
"{adherencia=muy_alta,retweet_verified=Sin verificar,RT_popular=muchos} => {difusion=alta}",0.0331182170944782,0.936894628705606,0.0353489240729597,3.5984609111303,3192,0.856888853767434
"{adherencia=muy_alta,retweet_source=Twitter for iPhone,RT_popular=muy muchos} => {difusion=alta}",0.0222966944035193,0.95980348369808,0.023230478720093,3.68645012217216,2149,0.907520648030495
"{adherencia=muy_alta,n_char=largo,retweet_source=Twitter for iPhone} => {difusion=alta}",0.0243302691373908,0.975457570715474,0.0249424166338113,3.74657494144811,2345,0.902079274837991
"{adherencia=muy_alta,fecha_inicio_T_momento=Noche,retweet_source=Twitter for iPhone} => {difusion=alta}",0.0258450748064991,0.941065357007933,0.0274636342885601,3.61448000474769,2491,0.888990099009901
"{adherencia=muy_alta,polaridad=Neutro,retweet_source=Twitter for iPhone} => {difusion=alta}",0.025564939511527,0.934749620637329,0.0273495050943122,3.5902222816716,2464,0.888862502968416
"{adherencia=muy_alta,retweet_es_finde=Finde,retweet_source=Twitter for iPhone} => {difusion=alta}",0.0355253055549791,0.952964096854996,0.0372787449938785,3.66018114222835,3424,0.851086569291058
"{adherencia=muy_alta,retweet_source=Twitter for iPhone,retweet_verified=Sin verificar} => {difusion=alta}",0.0365939698283912,0.941286362423272,0.038876553713349,3.61532885084402,3527,0.843288298965
"{adherencia=muy_alta,retweet_verified=Verificados,RT_popular=muy muchos} => {difusion=alta}",0.0386586707061485,0.971577574967405,0.0397895872673321,3.73167250460303,3726,0.843510693171448
"{adherencia=muy_alta,n_char=largo,retweet_verified=Verificados} => {difusion=alta}",0.0263015915834907,0.978009259259259,0.0268929883173207,3.75637556491296,2535,0.894676156017653
"{adherencia=muy_alta,fecha_inicio_T_momento=Noche,retweet_verified=Verificados} => {difusion=alta}",0.0226079558423772,0.966725820763088,0.0233861094395219,3.71303770051757,2179,0.907465532996941
"{adherencia=muy_alta,polaridad=Neutro,retweet_verified=Verificados} => {difusion=alta}",0.0210827747919736,0.960302457466919,0.0219543068207757,3.68836659980779,2032,0.912622130431329
"{adherencia=muy_alta,retweet_es_finde=Finde,retweet_verified=Verificados} => {difusion=alta}",0.0350584133966923,0.973775216138329,0.0360025730945612,3.74011328930598,3379,0.858606313281715
"{adherencia=muy_alta,retweet_es_finde=Finde,retweet_source=Twitter Web App} => {difusion=alta}",0.0245170260007055,0.968045882834904,0.025326305741736,3.71810784567601,2363,0.899928491975211
"{adherencia=muy_alta,retweet_source=Twitter Web App,retweet_verified=Sin verificar} => {difusion=alta}",0.0241538876553713,0.965574450435504,0.0250150443028781,3.70861547309615,2328,0.900941335345752
"{adherencia=muy_alta,n_char=largo,polaridad=Negativo} => {difusion=alta}",0.0237492477848561,0.981140162880412,0.0242057645618476,3.76840085991631,2289,0.90544196037871
"{adherencia=muy_alta,polaridad=Negativo,retweet_es_finde=Finde} => {difusion=alta}",0.0293519536842979,0.975180972078594,0.0300989811375568,3.74551257076907,2829,0.881864420249543
"{adherencia=muy_alta,polaridad=Negativo,retweet_verified=Sin verificar} => {difusion=alta}",0.0288643107634206,0.965972222222222,0.0298810981303563,3.71014325026788,2782,0.881787869164814
"{adherencia=muy_alta,n_char=medio,retweet_es_finde=Finde} => {difusion=alta}",0.025959204000747,0.956422018348624,0.027141997468407,3.6734624600493,2502,0.891701047286576
"{adherencia=muy_alta,n_char=medio,retweet_verified=Sin verificar} => {difusion=alta}",0.0248594135834492,0.941453831041257,0.0264053453964433,3.61597207075072,2396,0.893277344214238
"{adherencia=muy_alta,n_char=largo,polaridad=Positivo} => {difusion=alta}",0.022639081986263,0.970208981769675,0.0233342325330456,3.72641595923029,2182,0.907952784070585
"{adherencia=muy_alta,polaridad=Positivo,retweet_es_finde=Finde} => {difusion=alta}",0.0289473138137827,0.964730290456432,0.0300056027058994,3.70537319099274,2790,0.881171614541991
"{adherencia=muy_alta,polaridad=Positivo,retweet_verified=Sin verificar} => {difusion=alta}",0.0272353759000643,0.950054288816504,0.0286671785188106,3.64900503963945,2625,0.885026949904883
"{adherencia=muy_alta,n_char=corto,RT_popular=muy muchos} => {difusion=alta}",0.0208856425473636,0.945514325974636,0.0220891867776141,3.63156777580646,2013,0.910948036493455
"{adherencia=muy_alta,fecha_inicio_T_momento=Tarde,RT_popular=muy muchos} => {difusion=alta}",0.026311966964786,0.96462533282617,0.0272768774252454,3.70497006569108,2536,0.891928375749395
"{adherencia=muy_alta,retweet_es_finde=Laborable,RT_popular=muy muchos} => {difusion=alta}",0.0219543068207757,0.949304620906236,0.0231267249071403,3.64612568630688,2116,0.907089300591105
"{adherencia=muy_alta,n_char=largo,RT_popular=muy muchos} => {difusion=alta}",0.0311157685044925,0.974333983105913,0.0319354236268183,3.74225942295824,2999,0.874587852063719
"{adherencia=muy_alta,fecha_inicio_T_momento=Noche,RT_popular=muy muchos} => {difusion=alta}",0.0333672262455645,0.955152955152955,0.0349339088211492,3.66858819333514,3216,0.860645672410378
"{adherencia=muy_alta,polaridad=Neutro,RT_popular=muy muchos} => {difusion=alta}",0.0328380817995061,0.951593505712568,0.0345085181880434,3.65491692307279,3165,0.86192833102356
"{adherencia=muy_alta,retweet_es_finde=Finde,RT_popular=muy muchos} => {difusion=alta}",0.048162519972609,0.967688138419846,0.0497707040733747,3.71673380717229,4642,0.803873420729534
"{adherencia=muy_alta,retweet_verified=Sin verificar,RT_popular=muy muchos} => {difusion=alta}",0.0314581560872362,0.95017235976183,0.033107841713183,3.64945853106578,3032,0.867342493961114
"{adherencia=muy_alta,retweet_es_finde=Finde,RT_popular=amigos medios} => {difusion=alta}",0.0206781349214584,0.942316784869976,0.0219439314394804,3.61928653699442,1993,0.911286484771574
"{adherencia=muy_alta,retweet_verified=Sin verificar,RT_popular=amigos medios} => {difusion=alta}",0.0283144155547716,0.944290657439446,0.0299848519433089,3.62686786264959,2729,0.879192239160562
"{adherencia=muy_alta,fecha_inicio_T_momento=Noche,n_char=corto} => {difusion=alta}",0.0238011246913324,0.907795805302731,0.0262185885331286,3.48669703142934,2294,0.891025387925929
"{adherencia=muy_alta,n_char=corto,polaridad=Neutro} => {difusion=alta}",0.0294868336411363,0.910022414345181,0.0324023157851051,3.49524907704699,2842,0.865852216748768
"{adherencia=muy_alta,n_char=corto,retweet_es_finde=Finde} => {difusion=alta}",0.0318005436699799,0.924864212432106,0.0343840136125003,3.55225402576836,3065,0.859408909758119
"{adherencia=muy_alta,n_char=corto,retweet_verified=Sin verificar} => {difusion=alta}",0.0358158162312465,0.911539477158701,0.0392915689651595,3.50107587022834,3452,0.837901608399858
"{adherencia=muy_alta,n_char=largo,retweet_source=Twitter for Android} => {difusion=alta}",0.0225249527920151,0.960619469026549,0.0234483617272935,3.68958418999429,2171,0.906722789183179
"{adherencia=muy_alta,fecha_inicio_T_momento=Noche,retweet_source=Twitter for Android} => {difusion=alta}",0.0239878815546471,0.923691570115861,0.0259695793820423,3.54775009607503,2312,0.893454617362072
"{adherencia=muy_alta,polaridad=Neutro,retweet_source=Twitter for Android} => {difusion=alta}",0.023427610964703,0.907921190188983,0.0258035732813181,3.48717861452118,2258,0.892745725230028
"{adherencia=muy_alta,retweet_es_finde=Finde,retweet_source=Twitter for Android} => {difusion=alta}",0.0334917308211077,0.938099389712293,0.0357016870369986,3.60308820352476,3228,0.855613071482199
"{adherencia=muy_alta,retweet_source=Twitter for Android,retweet_verified=Sin verificar} => {difusion=alta}",0.0416779066630699,0.926216278533548,0.0449980286775539,3.55744709323426,4017,0.81675454473912
"{adherencia=muy_alta,fecha_inicio_T_momento=Tarde,n_char=largo} => {difusion=alta}",0.0293519536842979,0.974173553719008,0.0301301072814426,3.74164323960092,2829,0.88164011283722
"{adherencia=muy_alta,fecha_inicio_T_momento=Tarde,polaridad=Neutro} => {difusion=alta}",0.0273910066194933,0.94488188976378,0.0289888153389637,3.62913869049225,2640,0.883238276299113
"{adherencia=muy_alta,fecha_inicio_T_momento=Tarde,retweet_es_finde=Finde} => {difusion=alta}",0.0423419310659667,0.956633849038912,0.0442613766055903,3.6742760675089,4081,0.82392499703311
"{adherencia=muy_alta,fecha_inicio_T_momento=Tarde,retweet_verified=Sin verificar} => {difusion=alta}",0.0405988670083626,0.949296458030082,0.0427673216990724,3.64609433401831,3913,0.82883452555033
"{adherencia=muy_alta,n_char=largo,retweet_es_finde=Laborable} => {difusion=alta}",0.0229710941877114,0.965547317924117,0.0237907493100371,3.70851126150324,2214,0.905772057363048
"{adherencia=muy_alta,fecha_inicio_T_momento=Noche,retweet_es_finde=Laborable} => {difusion=alta}",0.025087671971945,0.93,0.0269759913676828,3.571979756117,2418,0.889935116315873
"{adherencia=muy_alta,polaridad=Neutro,retweet_es_finde=Laborable} => {difusion=alta}",0.0228673403747588,0.930350358801182,0.0245792782884771,3.57332542767098,2204,0.899679322221782
"{adherencia=muy_alta,retweet_es_finde=Laborable,retweet_verified=Sin verificar} => {difusion=alta}",0.0346433981448818,0.934508816120907,0.0370712373679733,3.58929739042661,3339,0.849692040429564
"{adherencia=muy_alta,fecha_inicio_T_momento=Noche,n_char=largo} => {difusion=alta}",0.0330040879002303,0.967163271511098,0.0341246290801187,3.71471787816939,3181,0.865209110388064
"{adherencia=muy_alta,n_char=largo,polaridad=Neutro} => {difusion=alta}",0.027577763482808,0.963741841914431,0.0286153016123343,3.70157671982931,2658,0.886560292133048
"{adherencia=muy_alta,n_char=largo,retweet_es_finde=Finde} => {difusion=alta}",0.0509949990662157,0.973845849019219,0.0523645493971903,3.74038457879056,4915,0.794695948624435
"{adherencia=muy_alta,n_char=largo,retweet_verified=Sin verificar} => {difusion=alta}",0.0476645016704364,0.967565290648694,0.0492623103899068,3.71626196872967,4594,0.805846007604563
"{adherencia=muy_alta,fecha_inicio_T_momento=Noche,polaridad=Neutro} => {difusion=alta}",0.0355875578427507,0.922538999462076,0.0385756676557863,3.54332325839459,3430,0.842171617681822
"{adherencia=muy_alta,fecha_inicio_T_momento=Noche,retweet_es_finde=Finde} => {difusion=alta}",0.0495735718287647,0.948204008731891,0.0522815463468282,3.64189841275194,4778,0.790968250838099
"{adherencia=muy_alta,fecha_inicio_T_momento=Noche,retweet_verified=Sin verificar} => {difusion=alta}",0.0520532879583325,0.931662024141133,0.0558714282749891,3.57836332233883,5017,0.774055455188124
"{adherencia=muy_alta,polaridad=Neutro,retweet_es_finde=Finde} => {difusion=alta}",0.0504451038575668,0.938066756704611,0.0537756012533461,3.6029628654142,4862,0.783434979342908
"{adherencia=muy_alta,polaridad=Neutro,retweet_verified=Sin verificar} => {difusion=alta}",0.0522296694403519,0.926048565121413,0.0564005727210475,3.55680293311278,5034,0.771022905553812
"{adherencia=muy_alta,retweet_es_finde=Finde,retweet_verified=Sin verificar} => {difusion=alta}",0.073685957958955,0.946176392219558,0.0778776120022411,3.63411066529471,7102,0.689779590556122
"{1_resp=tranqui,n_char=largo,retweet_verified=Sin verificar} => {difusion=alta}",0.0211450270797452,0.298608058608059,0.0708119773401672,1.14690531221654,2038,0.611391854355611
"{1_resp=desde el pasado,retweet_es_finde=Finde,retweet_source=Twitter for iPhone} => {difusion=alta}",0.0203046211948289,0.510166840458811,0.0397999626486273,1.95946841544198,1957,0.788121454788121
"{1_resp=desde el pasado,retweet_source=Twitter for iPhone,retweet_verified=Sin verificar} => {difusion=alta}",0.0203046211948289,0.471566265060241,0.0430578323753398,1.81120984135794,1957,0.767544984791293
"{1_resp=desde el pasado,retweet_es_finde=Finde,RT_popular=muy muchos} => {difusion=alta}",0.0259695793820423,0.669967880085653,0.0387624245191011,2.57323839238126,2503,0.81125840391993
"{1_resp=desde el pasado,n_char=corto,retweet_verified=Sin verificar} => {difusion=alta}",0.0204913780581436,0.401912901912902,0.0509846236849204,1.5436825261883,1975,0.719865872364713
"{1_resp=desde el pasado,retweet_es_finde=Finde,retweet_source=Twitter for Android} => {difusion=alta}",0.0221721898279762,0.420917864880835,0.0526758108360482,1.61667751864767,2137,0.714025825782978
"{1_resp=desde el pasado,retweet_source=Twitter for Android,retweet_verified=Sin verificar} => {difusion=alta}",0.0260837085762902,0.404310067545835,0.0645141208939429,1.55288965211615,2514,0.655462184873949
"{1_resp=desde el pasado,fecha_inicio_T_momento=Tarde,retweet_es_finde=Finde} => {difusion=alta}",0.0247764105330871,0.406053392280224,0.0610176173974394,1.55958548078236,2388,0.67208871165215
"{1_resp=desde el pasado,fecha_inicio_T_momento=Tarde,retweet_verified=Sin verificar} => {difusion=alta}",0.0231474756697309,0.379809329247531,0.0609449897283725,1.45878627446942,2231,0.668824163969795
"{1_resp=desde el pasado,n_char=largo,retweet_es_finde=Finde} => {difusion=alta}",0.0329833371376398,0.426883308714919,0.0772654645058206,1.63958982468165,3179,0.60101491723997
"{1_resp=desde el pasado,n_char=largo,retweet_verified=Sin verificar} => {difusion=alta}",0.0297047166483368,0.387258217232517,0.0767051939158764,1.48739624983281,2863,0.597522279233054
"{1_resp=desde el pasado,fecha_inicio_T_momento=Noche,polaridad=Neutro} => {difusion=alta}",0.0215289161876699,0.436750157861503,0.0492934365337926,1.67748679823892,2075,0.732553114872164
"{1_resp=desde el pasado,fecha_inicio_T_momento=Noche,retweet_es_finde=Finde} => {difusion=alta}",0.0320910543462472,0.441794029424368,0.0726380444481335,1.69685949406151,3093,0.623853527342942
"{1_resp=desde el pasado,fecha_inicio_T_momento=Noche,retweet_verified=Sin verificar} => {difusion=alta}",0.0324230665476956,0.411725955204216,0.0787491440310431,1.58137287855634,3125,0.592171589025339
"{1_resp=desde el pasado,polaridad=Neutro,retweet_es_finde=Finde} => {difusion=alta}",0.0334709800585172,0.416096994711725,0.0804403311821709,1.59816133515205,3226,0.585429256270889
"{1_resp=desde el pasado,polaridad=Neutro,retweet_verified=Sin verificar} => {difusion=alta}",0.0336784876844224,0.396967102849456,0.0848394928513623,1.52468651099212,3246,0.563430474604496
"{1_resp=desde el pasado,retweet_es_finde=Finde,retweet_verified=Sin verificar} => {difusion=alta}",0.0489095474258679,0.384722108871297,0.127129547010853,1.47765546733216,4714,0.393497379952808
"{1_resp=hace un ratín,fecha_inicio_T_momento=Tarde,retweet_es_finde=Finde} => {difusion=alta}",0.0219958083459567,0.398421349370419,0.0552074038720923,1.53027203694189,2120,0.698816045237675
"{1_resp=hace un ratín,n_char=largo,retweet_es_finde=Finde} => {difusion=alta}",0.0257931979000228,0.400580083789881,0.0643896163183997,1.53856338709796,2486,0.655514680363712
"{1_resp=hace un ratín,n_char=largo,retweet_verified=Sin verificar} => {difusion=alta}",0.0232616048639788,0.314005602240896,0.074080222448175,1.20604478979764,2242,0.598626300346759
"{1_resp=hace un ratín,polaridad=Neutro,retweet_es_finde=Finde} => {difusion=alta}",0.021850553007823,0.339294345094248,0.064399991699695,1.30317476563616,2106,0.646925843466347
"{1_resp=hace un ratín,retweet_es_finde=Finde,retweet_verified=Sin verificar} => {difusion=alta}",0.0341246290801187,0.320846746658863,0.106358033657737,1.23232052030264,3289,0.463033441477414
"{n_char=largo,retweet_es_finde=Finde,RT_popular=muchos} => {difusion=alta}",0.0236558693531987,0.375679683638161,0.0629681890809487,1.44292497283866,2280,0.65869196413115
"{n_char=largo,retweet_verified=Sin verificar,RT_popular=muchos} => {difusion=alta}",0.0252121765474881,0.353351752217537,0.0713514971675209,1.35716699538657,2430,0.616668359229545
"{fecha_inicio_T_momento=Noche,retweet_verified=Sin verificar,RT_popular=muchos} => {difusion=alta}",0.0235832416841319,0.338143409699494,0.0697433130667552,1.29875420872147,2273,0.621873201773686
"{polaridad=Neutro,retweet_es_finde=Finde,RT_popular=muchos} => {difusion=alta}",0.0202112427631715,0.310834530078187,0.0650225145774107,1.19386521391551,1948,0.640091116173121
"{polaridad=Neutro,retweet_verified=Sin verificar,RT_popular=muchos} => {difusion=alta}",0.0229710941877114,0.297540653138019,0.077203212218049,1.14280558024821,2214,0.582203753174368
"{retweet_es_finde=Finde,retweet_verified=Sin verificar,RT_popular=muchos} => {difusion=alta}",0.0334813554398124,0.346058981233244,0.0967504305783237,1.32915664020174,3227,0.505546293921518
"{n_char=largo,retweet_es_finde=Finde,retweet_source=Twitter for iPhone} => {difusion=alta}",0.0244858998568197,0.415054519873373,0.0589944180448631,1.59415735771242,2360,0.682899366643209
"{n_char=largo,retweet_source=Twitter for iPhone,retweet_verified=Sin verificar} => {difusion=alta}",0.0245066506194103,0.332114735658043,0.0737897117719076,1.275599045676,2362,0.602533172496984
"{fecha_inicio_T_momento=Noche,retweet_es_finde=Finde,retweet_source=Twitter for iPhone} => {difusion=alta}",0.0238945031229898,0.394484412470024,0.0605714760017431,1.51515089832971,2303,0.672604701526424
"{fecha_inicio_T_momento=Noche,retweet_source=Twitter for iPhone,retweet_verified=Sin verificar} => {difusion=alta}",0.0277852711087132,0.296665558878919,0.0936585669523355,1.13944448457272,2678,0.510988137264256
"{polaridad=Neutro,retweet_es_finde=Finde,retweet_source=Twitter for iPhone} => {difusion=alta}",0.0240501338424187,0.345763723150358,0.0695565562034405,1.32802260160508,2318,0.623812754409769
"{polaridad=Neutro,retweet_source=Twitter for iPhone,retweet_verified=Sin verificar} => {difusion=alta}",0.0278267726338943,0.278997191303443,0.0997385403913594,1.07158313908538,2682,0.483403590944575
"{retweet_es_finde=Finde,retweet_source=Twitter for iPhone,retweet_verified=Sin verificar} => {difusion=alta}",0.0352555456413023,0.318492829693505,0.110694943039157,1.22327950552002,3398,0.44569751274525
"{adherencia=alta,retweet_verified=Verificados,RT_popular=muy muchos} => {difusion=alta}",0.0212695316552883,0.367910983488873,0.0578116245772032,1.41308665061866,2050,0.682205759015935
"{fecha_inicio_T_momento=Tarde,retweet_verified=Verificados,RT_popular=muy muchos} => {difusion=alta}",0.0232823556265693,0.376573250545394,0.0618268971384698,1.44635701897131,2244,0.66420215904752
"{retweet_es_finde=Laborable,retweet_verified=Verificados,RT_popular=muy muchos} => {difusion=alta}",0.0213317839430599,0.339834710743802,0.0627710568363387,1.30525022279864,2056,0.65470297029703
"{n_char=largo,retweet_verified=Verificados,RT_popular=muy muchos} => {difusion=alta}",0.0281069079288664,0.473601398601399,0.0593471810089021,1.81902646050849,2709,0.68934353317915
"{fecha_inicio_T_momento=Noche,retweet_verified=Verificados,RT_popular=muy muchos} => {difusion=alta}",0.0293312029217074,0.399237395848044,0.0734680749517545,1.53340633962805,2827,0.613772659124983
"{polaridad=Neutro,retweet_verified=Verificados,RT_popular=muy muchos} => {difusion=alta}",0.0278060218713038,0.349458860346851,0.0795687991533689,1.34221502661792,2680,0.57923079480105
"{retweet_es_finde=Finde,retweet_verified=Verificados,RT_popular=muy muchos} => {difusion=alta}",0.0407026208213152,0.411431567907708,0.0989292606503289,1.58024218450947,3923,0.506708786556374
"{fecha_inicio_T_momento=Tarde,retweet_es_finde=Finde,retweet_verified=Verificados} => {difusion=alta}",0.0221929405905667,0.360890838535515,0.0614948849370214,1.38612340797522,2139,0.663631327470397
"{n_char=largo,retweet_es_finde=Finde,retweet_verified=Verificados} => {difusion=alta}",0.0275155111950364,0.450178237990154,0.061121371210392,1.72906188467232,2652,0.677760914834292
"{fecha_inicio_T_momento=Noche,retweet_es_finde=Finde,retweet_verified=Verificados} => {difusion=alta}",0.0233861094395219,0.417407407407407,0.0560270589944181,1.60319441861563,2254,0.697379603399433
"{polaridad=Neutro,retweet_es_finde=Finde,retweet_verified=Verificados} => {difusion=alta}",0.0242265153244382,0.347832563682407,0.0696499346350978,1.33596868386219,2335,0.62367671009772
"{n_char=largo,retweet_es_finde=Finde,retweet_source=Twitter Web App} => {difusion=alta}",0.0250980473532402,0.292857142857143,0.0857006494988691,1.12481697389245,2419,0.544173266526588
"{n_char=largo,polaridad=Negativo,retweet_es_finde=Finde} => {difusion=alta}",0.0265298499719865,0.348935589519651,0.0760307941316843,1.34020522790639,2557,0.594876946258162
"{n_char=largo,polaridad=Negativo,retweet_verified=Sin verificar} => {difusion=alta}",0.0273287543317217,0.28599348534202,0.0955572617293686,1.09845477421832,2634,0.50154720555731
"{fecha_inicio_T_momento=Noche,polaridad=Negativo,retweet_es_finde=Finde} => {difusion=alta}",0.0206262580149821,0.330342306414091,0.0624390446348903,1.26879143129046,1988,0.65499244609257
"{polaridad=Negativo,retweet_es_finde=Finde,retweet_verified=Sin verificar} => {difusion=alta}",0.0316967898570272,0.273451485857501,0.115913759830674,1.05028298039044,3055,0.419198458342116
"{n_char=largo,polaridad=Positivo,retweet_es_finde=Finde} => {difusion=alta}",0.0255856902741176,0.323792016806723,0.07901890394472,1.24363282712463,2466,0.577899748710488
"{fecha_inicio_T_momento=Tarde,retweet_es_finde=Finde,RT_popular=muy muchos} => {difusion=alta}",0.0271108713245212,0.409432779692886,0.0662156834263659,1.5725651618857,2613,0.648304057097322
"{fecha_inicio_T_momento=Noche,n_char=largo,RT_popular=muy muchos} => {difusion=alta}",0.0219646822020709,0.49788334901223,0.0441161212674566,1.91228950922518,2117,0.765433912372838
"{n_char=largo,retweet_es_finde=Finde,RT_popular=muy muchos} => {difusion=alta}",0.030700753252682,0.497227356746765,0.0617438940881077,1.90976994891076,2959,0.681585131382183
"{fecha_inicio_T_momento=Noche,polaridad=Neutro,RT_popular=muy muchos} => {difusion=alta}",0.0249735427776971,0.410470668485675,0.0608412359154199,1.57655152506521,2407,0.673531575076179
"{fecha_inicio_T_momento=Noche,retweet_es_finde=Finde,RT_popular=muy muchos} => {difusion=alta}",0.0319873005332946,0.469540054827901,0.0681247535846942,1.80342749519498,3083,0.648353571053645
"{fecha_inicio_T_momento=Noche,retweet_verified=Sin verificar,RT_popular=muy muchos} => {difusion=alta}",0.0216845469070988,0.47804208600183,0.0453611670228881,1.83608242340912,2090,0.756940385739334
"{polaridad=Neutro,retweet_es_finde=Finde,RT_popular=muy muchos} => {difusion=alta}",0.0330663401880019,0.416383590279592,0.07941316843394,1.59926210242798,3187,0.589966509928622
"{polaridad=Neutro,retweet_verified=Sin verificar,RT_popular=muy muchos} => {difusion=alta}",0.0221825652092714,0.451245251160827,0.0491585565769542,1.73316010988216,2138,0.735032859103055
"{retweet_es_finde=Finde,retweet_verified=Sin verificar,RT_popular=muy muchos} => {difusion=alta}",0.0285219231806769,0.491331546023235,0.0580502583469943,1.88712509240501,2749,0.697888332140301
"{adherencia=alta,retweet_verified=Sin verificar,RT_popular=amigos medios} => {difusion=alta}",0.0210723994106783,0.303270120949679,0.0694839285343736,1.16481154050259,2031,0.61817876344086
"{adherencia=alta,retweet_source=Twitter for Android,retweet_verified=Sin verificar} => {difusion=alta}",0.0257309456122513,0.32258064516129,0.0797659313979789,1.23898014433472,2480,0.574417530196027
"{adherencia=alta,fecha_inicio_T_momento=Tarde,n_char=largo} => {difusion=alta}",0.0205017534394389,0.402362044390145,0.0509534975410346,1.54540760988328,1976,0.720075635948482
"{adherencia=alta,fecha_inicio_T_momento=Tarde,retweet_es_finde=Finde} => {difusion=alta}",0.0248490382021539,0.350504902678179,0.0708949803905294,1.34623270622174,2395,0.61834620073141
"{adherencia=alta,fecha_inicio_T_momento=Tarde,retweet_verified=Sin verificar} => {difusion=alta}",0.0246519059575439,0.334412385643913,0.0737170841028408,1.28442394808048,2376,0.603192167119337
"{adherencia=alta,retweet_es_finde=Laborable,retweet_verified=Sin verificar} => {difusion=alta}",0.0229192172812351,0.304605626034197,0.0752422651532444,1.16994099977796,2209,0.592029730895577
"{adherencia=alta,fecha_inicio_T_momento=Noche,n_char=largo} => {difusion=alta}",0.0231371002884356,0.389247687205446,0.0594405594405594,1.49503748259486,2230,0.677263665932221
"{adherencia=alta,n_char=largo,polaridad=Neutro} => {difusion=alta}",0.0225457035546056,0.398642450926436,0.0565562034404764,1.53112125229902,2173,0.692337515860708
"{adherencia=alta,n_char=largo,retweet_es_finde=Finde} => {difusion=alta}",0.0340520014110519,0.401418786692759,0.084829117470067,1.54178470945332,3282,0.564158996932106
"{adherencia=alta,n_char=largo,retweet_verified=Sin verificar} => {difusion=alta}",0.0383992861737669,0.393555933645257,0.0975700857006495,1.51158476116192,3701,0.509465207650096
"{adherencia=alta,fecha_inicio_T_momento=Noche,polaridad=Neutro} => {difusion=alta}",0.020979020979021,0.319582740635372,0.0656450374551265,1.22746567736983,2022,0.638355046090003
"{adherencia=alta,fecha_inicio_T_momento=Noche,retweet_es_finde=Finde} => {difusion=alta}",0.0262497146770144,0.343004338394794,0.0765288124338569,1.31742425054463,2530,0.591783567134268
"{adherencia=alta,fecha_inicio_T_momento=Noche,retweet_verified=Sin verificar} => {difusion=alta}",0.0312713992239215,0.316430446194226,0.0988255068373763,1.21535822368263,3014,0.492611928492327
"{adherencia=alta,polaridad=Neutro,retweet_es_finde=Finde} => {difusion=alta}",0.0281172833101616,0.338580709645177,0.0830445518872819,1.30043380716592,2710,0.562393049888114
"{adherencia=alta,polaridad=Neutro,retweet_verified=Sin verificar} => {difusion=alta}",0.0299225996555373,0.309375670456983,0.096719304434438,1.18826196979298,2884,0.500190282887226
"{adherencia=alta,retweet_es_finde=Finde,retweet_verified=Sin verificar} => {difusion=alta}",0.0419787927206325,0.335934905347061,0.124961092320143,1.29027170029331,4046,0.394355131149522
"{n_char=largo,retweet_es_finde=Finde,retweet_source=Twitter for Android} => {difusion=alta}",0.0277126434396464,0.303557222411638,0.0912929800170156,1.165914250836,2671,0.521907629235795
"{fecha_inicio_T_momento=Noche,retweet_es_finde=Finde,retweet_source=Twitter for Android} => {difusion=alta}",0.0244443983316387,0.285091965150048,0.0857421510240501,1.09499218080386,2356,0.54286820205148
"{fecha_inicio_T_momento=Tarde,n_char=largo,polaridad=Neutro} => {difusion=alta}",0.0216430453819178,0.267916773696378,0.0807827187649146,1.0290250451265,2086,0.56205754367734
"{fecha_inicio_T_momento=Tarde,n_char=largo,retweet_es_finde=Finde} => {difusion=alta}",0.0367599759291154,0.290433642101812,0.126569276420908,1.11550869901398,3543,0.382074074074074
"{fecha_inicio_T_momento=Noche,n_char=largo,retweet_es_finde=Laborable} => {difusion=alta}",0.0206885103027536,0.269168466522678,0.0768608246353053,1.03383259505813,1994,0.579716795594598
"{fecha_inicio_T_momento=Noche,n_char=largo,polaridad=Neutro} => {difusion=alta}",0.0230955987632545,0.292317793827971,0.0790085285634247,1.12274542140462,2226,0.573401568087131
"{fecha_inicio_T_momento=Noche,n_char=largo,retweet_es_finde=Finde} => {difusion=alta}",0.037019360461497,0.34271443665354,0.108018094664979,1.31631078479084,3568,0.459748880608698
"{fecha_inicio_T_momento=Noche,n_char=largo,retweet_verified=Sin verificar} => {difusion=alta}",0.0403083563320952,0.273938795656466,0.147143657529414,1.05215465860212,3885,0.308326975784804
"{n_char=largo,polaridad=Neutro,retweet_es_finde=Finde} => {difusion=alta}",0.0356705608931128,0.287891475464746,0.123902803428026,1.10574464765455,3438,0.391451872135246
"{n_char=largo,retweet_es_finde=Finde,retweet_verified=Sin verificar} => {difusion=alta}",0.0602705899441804,0.276671746999428,0.217841505675334,1.06265148319514,5809,0.101735309451106
"{fecha_inicio_T_momento=Noche,polaridad=Neutro,retweet_es_finde=Finde} => {difusion=alta}",0.0369882343176112,0.28887448342922,0.128042580564836,1.10952022243863,3565,0.376527900797166
"{fecha_inicio_T_momento=Noche,retweet_es_finde=Finde,retweet_verified=Sin verificar} => {difusion=alta}",0.0540453611670229,0.273840815897382,0.197360502998485,1.05177833417636,5209,0.156064461407973
"{1_resp=desde el pasado,adherencia=muy_alta,retweet_es_finde=Finde,RT_popular=muy muchos} => {difusion=alta}",0.0205328795833247,0.965365853658537,0.0212695316552883,3.70781428657516,1979,0.915716272600834
"{1_resp=desde el pasado,adherencia=muy_alta,n_char=largo,retweet_es_finde=Finde} => {difusion=alta}",0.0212902824178789,0.969754253308129,0.0219543068207757,3.72466942067203,2052,0.913347642896892
"{1_resp=desde el pasado,adherencia=muy_alta,fecha_inicio_T_momento=Noche,retweet_es_finde=Finde} => {difusion=alta}",0.0238011246913324,0.943256578947368,0.0252329273100786,3.62289613421955,2294,0.898145212428662
"{1_resp=desde el pasado,adherencia=muy_alta,fecha_inicio_T_momento=Noche,retweet_verified=Sin verificar} => {difusion=alta}",0.0242887676122097,0.933041052212037,0.0260318316698139,3.58365994637366,2341,0.894030559733988
"{1_resp=desde el pasado,adherencia=muy_alta,polaridad=Neutro,retweet_es_finde=Finde} => {difusion=alta}",0.0240916353675998,0.933655006031363,0.0258035732813181,3.58601804380788,2322,0.895007720020587
"{1_resp=desde el pasado,adherencia=muy_alta,polaridad=Neutro,retweet_verified=Sin verificar} => {difusion=alta}",0.0248386628208587,0.92289899768697,0.0269137390799112,3.54470595341777,2394,0.889539021111726
"{1_resp=desde el pasado,adherencia=muy_alta,retweet_es_finde=Finde,retweet_verified=Sin verificar} => {difusion=alta}",0.0343425120873192,0.940073842658336,0.0365317175406196,3.61067175831257,3310,0.852519264967398
"{1_resp=hace un ratín,adherencia=muy_alta,retweet_es_finde=Finde,retweet_verified=Sin verificar} => {difusion=alta}",0.0212487808926978,0.959250585480094,0.0221514390653857,3.684326529439,2048,0.911758865811525
"{adherencia=muy_alta,retweet_es_finde=Finde,retweet_verified=Sin verificar,RT_popular=muchos} => {difusion=alta}",0.0226909588927393,0.941455015066724,0.024102010748895,3.61597661840125,2187,0.902536662703131
"{adherencia=muy_alta,retweet_es_finde=Finde,retweet_source=Twitter for iPhone,retweet_verified=Sin verificar} => {difusion=alta}",0.0241538876553713,0.944038929440389,0.0255856902741176,3.62590101607251,2328,0.896797717184528
"{adherencia=muy_alta,retweet_es_finde=Finde,retweet_verified=Verificados,RT_popular=muy muchos} => {difusion=alta}",0.026592102259758,0.975266362252664,0.0272665020439501,3.74584054063267,2563,0.892960769505942
"{adherencia=muy_alta,n_char=largo,retweet_es_finde=Finde,RT_popular=muy muchos} => {difusion=alta}",0.0214459131373078,0.979620853080569,0.0218920545330041,3.7625654364235,2067,0.914349365477185
"{adherencia=muy_alta,fecha_inicio_T_momento=Noche,retweet_es_finde=Finde,RT_popular=muy muchos} => {difusion=alta}",0.0219958083459567,0.963198546115402,0.022836214230873,3.69949000843607,2120,0.9093545183714
"{adherencia=muy_alta,polaridad=Neutro,retweet_es_finde=Finde,RT_popular=muy muchos} => {difusion=alta}",0.0226598327488535,0.956217162872154,0.0236973708783798,3.6726756432591,2184,0.905374295467175
"{adherencia=muy_alta,retweet_es_finde=Finde,retweet_verified=Sin verificar,RT_popular=muy muchos} => {difusion=alta}",0.0215704177128509,0.95850622406639,0.0225042020294246,3.68146755750246,2079,0.910300190597205
"{adherencia=muy_alta,n_char=corto,polaridad=Neutro,retweet_verified=Sin verificar} => {difusion=alta}",0.0234794878711793,0.901593625498008,0.0260422070511091,3.46287546077744,2263,0.891203977743578
"{adherencia=muy_alta,n_char=corto,retweet_es_finde=Finde,retweet_verified=Sin verificar} => {difusion=alta}",0.0245585275258866,0.914605873261206,0.0268514867921396,3.51285340227391,2367,0.889038119691882
"{adherencia=muy_alta,fecha_inicio_T_momento=Noche,retweet_source=Twitter for Android,retweet_verified=Sin verificar} => {difusion=alta}",0.0202631196696479,0.914325842696629,0.0221618144466809,3.51177785011503,1953,0.908256517782965
"{adherencia=muy_alta,polaridad=Neutro,retweet_source=Twitter for Android,retweet_verified=Sin verificar} => {difusion=alta}",0.0206573841588678,0.902129587675578,0.0228984665186446,3.46493400491542,1991,0.904267088107467
"{adherencia=muy_alta,retweet_es_finde=Finde,retweet_source=Twitter for Android,retweet_verified=Sin verificar} => {difusion=alta}",0.0282521632670001,0.932853717026379,0.0302857380008715,3.58294042219002,2723,0.876828786081455
"{adherencia=muy_alta,fecha_inicio_T_momento=Tarde,n_char=largo,retweet_es_finde=Finde} => {difusion=alta}",0.0206262580149821,0.975466143277723,0.0211450270797452,3.74660786727479,1988,0.91695832007636
"{adherencia=muy_alta,fecha_inicio_T_momento=Tarde,retweet_es_finde=Finde,retweet_verified=Sin verificar} => {difusion=alta}",0.0282210371231143,0.949720670391061,0.0297150920296321,3.64772366516423,2720,0.880814644583565
"{adherencia=muy_alta,fecha_inicio_T_momento=Noche,n_char=largo,retweet_es_finde=Finde} => {difusion=alta}",0.022203315971862,0.971402632773491,0.0228569649934635,3.73100057989856,2140,0.909925666812418
"{adherencia=muy_alta,fecha_inicio_T_momento=Noche,n_char=largo,retweet_verified=Sin verificar} => {difusion=alta}",0.0216015438567367,0.964782205746061,0.0223900728351767,3.70557258923316,2082,0.91124354390147
"{adherencia=muy_alta,n_char=largo,retweet_es_finde=Finde,retweet_verified=Sin verificar} => {difusion=alta}",0.0324023157851051,0.970478558110628,0.0333879770081551,3.72745135840514,3123,0.868474334034698
"{adherencia=muy_alta,fecha_inicio_T_momento=Noche,polaridad=Neutro,retweet_es_finde=Finde} => {difusion=alta}",0.0238011246913324,0.925373134328358,0.025720570230956,3.55420871255423,2294,0.894616084497013
"{adherencia=muy_alta,fecha_inicio_T_momento=Noche,polaridad=Neutro,retweet_verified=Sin verificar} => {difusion=alta}",0.0262393392957191,0.912996389891697,0.0287398061878774,3.50667163666779,2529,0.881152555752911
"{adherencia=muy_alta,fecha_inicio_T_momento=Noche,retweet_es_finde=Finde,retweet_verified=Sin verificar} => {difusion=alta}",0.0346641489074724,0.937956204379562,0.0369571081737254,3.60253825179369,3341,0.850562907367174
"{adherencia=muy_alta,polaridad=Neutro,retweet_es_finde=Finde,retweet_verified=Sin verificar} => {difusion=alta}",0.0358884439003133,0.927843347639485,0.038679421468739,3.56369640281298,3459,0.842408232464614
"{1_resp=desde el pasado,n_char=largo,retweet_es_finde=Finde,retweet_verified=Sin verificar} => {difusion=alta}",0.0230852233819593,0.378337017514028,0.0610176173974394,1.45313136295677,2225,0.668278260869565
"{1_resp=desde el pasado,fecha_inicio_T_momento=Noche,retweet_es_finde=Finde,retweet_verified=Sin verificar} => {difusion=alta}",0.0246207798136582,0.412982944657153,0.0596169409225789,1.5862007719752,2373,0.679664172550673
"{1_resp=desde el pasado,polaridad=Neutro,retweet_es_finde=Finde,retweet_verified=Sin verificar} => {difusion=alta}",0.0255960656554128,0.386980392156863,0.0661430557572991,1.48632916860057,2467,0.645438245638232
"{adherencia=alta,n_char=largo,retweet_es_finde=Finde,retweet_verified=Sin verificar} => {difusion=alta}",0.0254300595546886,0.402198884148343,0.0632275736133303,1.54478093775347,2451,0.661168528378049
"{n_char=largo,retweet_es_finde=Finde,retweet_source=Twitter for Android,retweet_verified=Sin verificar} => {difusion=alta}",0.0229503434251209,0.278800100831863,0.0823182751966135,1.07082614642451,2212,0.556853582554517
"{fecha_inicio_T_momento=Noche,n_char=largo,retweet_es_finde=Finde,retweet_verified=Sin verificar} => {difusion=alta}",0.0256168164180034,0.303764763779528,0.0843310991678944,1.16671138370122,2469,0.551686014372581
"{fecha_inicio_T_momento=Noche,polaridad=Neutro,retweet_es_finde=Finde,retweet_verified=Sin verificar} => {difusion=alta}",0.0267269822165965,0.266005782734407,0.100475192463323,1.02168523756705,2576,0.478541705484131
