"rules","support","confidence","coverage","lift","count"
"{fecha_inicio_T_momento=Mañana} => {n_char=largo}",0.0701375775559752,0.449109752856763,0.156170239256293,1.03508204882567,6760
"{adherencia=muy_alta} => {n_char=largo}",0.0761552987072275,0.45508091016182,0.16734452491129,1.04884402504165,7340
"{difusion=intermedia} => {n_char=largo}",0.0949969911394244,0.478469899665552,0.198543296466145,1.10274960830161,9156
"{1_resp=tranqui} => {n_char=largo}",0.0896432943910689,0.448225772981946,0.199995849847482,1.03304470340147,8640
"{1_resp=desde el pasado} => {n_char=largo}",0.0959930277437696,0.479925303454715,0.200016600610072,1.10610393834315,9252
"{1_resp=hace un ratín} => {n_char=largo}",0.0923512689091324,0.46171802054155,0.200016600610072,1.06414085118811,8901
"{RT_popular=muchos} => {n_char=largo}",0.0945300989811376,0.471071816348689,0.200670249631674,1.08569893596976,9111
"{retweet_source=Twitter Web App} => {n_char=largo}",0.123778298852483,0.519327877415985,0.238343259114772,1.19691670009105,11930
"{polaridad=Negativo} => {n_char=largo}",0.118860368118528,0.482073724962128,0.24656056110062,1.11105549533226,11456
"{polaridad=Positivo} => {n_char=largo}",0.124525326305742,0.495438596491228,0.251343611877737,1.14185807424897,12002
"{RT_popular=amigos medios} => {n_char=largo}",0.119493266377539,0.463199806949807,0.257973480525409,1.06755598635635,11517
"{difusion=alta} => {n_char=largo}",0.129671515428192,0.498047341994102,0.26035981822332,1.1478705592213,12498
"{adherencia=intermedia} => {n_char=largo}",0.124940341557552,0.44822452170029,0.278744993878525,1.03304181952025,12042
"{adherencia=alta} => {n_char=largo}",0.130760930464195,0.468931388599494,0.278848747691478,1.08076580252987,12603
"{retweet_source=Twitter for Android} => {n_char=largo}",0.14835757714096,0.449060988631367,0.330372891203752,1.03496965987394,14299
"{fecha_inicio_T_momento=Tarde} => {n_char=largo}",0.178871573530327,0.462037359633372,0.387136602270133,1.06487684536176,17240
"{retweet_es_finde=Finde} => {n_char=largo}",0.27895250150443,0.457423822243395,0.60983378639165,1.05424383259913,26886
"{fecha_inicio_T_momento=Mañana,retweet_source=Twitter Web App} => {n_char=largo}",0.0222551928783383,0.564176749079432,0.0394471996845884,1.30028177215557,2145
"{fecha_inicio_T_momento=Mañana,RT_popular=amigos medios} => {n_char=largo}",0.0212487808926978,0.502823471642524,0.0422589280156046,1.1588783051687,2048
"{adherencia=intermedia,fecha_inicio_T_momento=Mañana} => {n_char=largo}",0.0209997717416115,0.469823584029712,0.0446971426199913,1.08282208268853,2024
"{adherencia=alta,fecha_inicio_T_momento=Mañana} => {n_char=largo}",0.0203668734826005,0.50658064516129,0.0402046025191426,1.16753762026676,1963
"{fecha_inicio_T_momento=Mañana,RT_popular=pocos} => {n_char=largo}",0.0204291257703721,0.461016155467104,0.0443132535120666,1.06252323336833,1969
"{fecha_inicio_T_momento=Mañana,retweet_source=Twitter for Android} => {n_char=largo}",0.021414786993422,0.464028776978417,0.0461496960013281,1.06946654828508,2064
"{fecha_inicio_T_momento=Mañana,retweet_es_finde=Finde} => {n_char=largo}",0.0443651304185429,0.486240618603593,0.0912411031105393,1.12065910954952,4276
"{fecha_inicio_T_momento=Mañana,retweet_verified=Sin verificar} => {n_char=largo}",0.0545330040879002,0.464598249801114,0.117376688593306,1.07077903613982,5256
"{1_resp=hace un ratín,adherencia=muy_alta} => {n_char=largo}",0.0205225042020294,0.474340527577938,0.043265340001245,1.09323247158031,1978
"{adherencia=muy_alta,RT_popular=muchos} => {n_char=largo}",0.021611919238032,0.472228519610066,0.0457658068934033,1.08836483840019,2083
"{adherencia=muy_alta,retweet_source=Twitter for iPhone} => {n_char=largo}",0.0249424166338113,0.447006322052808,0.0557988006059223,1.0302341837943,2404
"{adherencia=muy_alta,retweet_verified=Verificados} => {n_char=largo}",0.0268929883173207,0.513267326732673,0.0523956755410761,1.18294869521386,2592
"{adherencia=muy_alta,retweet_source=Twitter Web App} => {n_char=largo}",0.0201489904754,0.567670271850336,0.0354941794110934,1.30833344033762,1942
"{adherencia=muy_alta,polaridad=Negativo} => {n_char=largo}",0.0242057645618476,0.544330377974802,0.0444688842314955,1.25454100982729,2333
"{adherencia=muy_alta,polaridad=Positivo} => {n_char=largo}",0.0233342325330456,0.524120251689583,0.0445207611379718,1.20796188570615,2249
"{adherencia=muy_alta,difusion=alta} => {n_char=largo}",0.0739660932539271,0.464641856221078,0.159189475213214,1.07087953768144,7129
"{adherencia=muy_alta,fecha_inicio_T_momento=Tarde} => {n_char=largo}",0.0301301072814426,0.477317554240631,0.0631238198003777,1.1000937495593,2904
"{adherencia=muy_alta,retweet_es_finde=Laborable} => {n_char=largo}",0.0237907493100371,0.444983504754512,0.0534643398144882,1.02557211208421,2293
"{adherencia=muy_alta,retweet_es_finde=Finde} => {n_char=largo}",0.0523645493971903,0.459821428571429,0.113880185096802,1.05976969627613,5047
"{1_resp=tranqui,difusion=intermedia} => {n_char=largo}",0.0231059741445498,0.464539007092199,0.0497395779294889,1.07064249698846,2227
"{1_resp=desde el pasado,difusion=intermedia} => {n_char=largo}",0.0217986761013467,0.515203531142717,0.0423108049220809,1.18741114657446,2101
"{1_resp=hace un ratín,difusion=intermedia} => {n_char=largo}",0.0225042020294246,0.503598792663107,0.044686767238696,1.16066521998268,2169
"{difusion=intermedia,RT_popular=muchos} => {n_char=largo}",0.0220995621589093,0.494888475836431,0.0446556410948102,1.14059018814575,2130
"{difusion=intermedia,retweet_source=Twitter Web App} => {n_char=largo}",0.0265402253532817,0.573799910273665,0.0462534498142807,1.3224606746215,2558
"{difusion=intermedia,polaridad=Negativo} => {n_char=largo}",0.0246830321014297,0.506817213463997,0.0487020397999626,1.16808284913764,2379
"{difusion=intermedia,polaridad=Positivo} => {n_char=largo}",0.0266439791662344,0.525690890481064,0.0506837376273578,1.2115818026817,2568
"{difusion=intermedia,RT_popular=amigos medios} => {n_char=largo}",0.0272665020439501,0.527710843373494,0.0516693988504078,1.21623727267568,2628
"{adherencia=intermedia,difusion=intermedia} => {n_char=largo}",0.0276918926770559,0.516247582205029,0.0536407212965077,1.18981741476566,2669
"{adherencia=alta,difusion=intermedia} => {n_char=largo}",0.0604988483326762,0.466107114308553,0.129796020003735,1.07425657933683,5831
"{difusion=intermedia,RT_popular=pocos} => {n_char=largo}",0.0254196841733934,0.556944760172767,0.0456413023178602,1.28361390456423,2450
"{difusion=intermedia,retweet_source=Twitter for Android} => {n_char=largo}",0.034135004461414,0.529364440868866,0.0644829947500571,1.22004838804905,3290
"{difusion=intermedia,fecha_inicio_T_momento=Tarde} => {n_char=largo}",0.03891805523853,0.514611057758266,0.0756261542611691,1.18604564836216,3751
"{difusion=intermedia,retweet_es_finde=Finde} => {n_char=largo}",0.0622107862463946,0.504586383909787,0.123290655931606,1.16294136287317,5996
"{difusion=intermedia,retweet_verified=Sin verificar} => {n_char=largo}",0.0745678653690523,0.514680607275852,0.144881824407047,1.18620594204694,7187
"{1_resp=ahora,retweet_source=Twitter Web App} => {n_char=largo}",0.0217156730509846,0.447509087021595,0.0485256583179432,1.03139292726549,2093
"{1_resp=tranqui,retweet_source=Twitter Web App} => {n_char=largo}",0.0245066506194103,0.524422735346359,0.0467307173538628,1.20865903245302,2362
"{1_resp=tranqui,polaridad=Negativo} => {n_char=largo}",0.0245274013820008,0.486219662690251,0.0504451038575668,1.12061081157875,2364
"{1_resp=tranqui,polaridad=Positivo} => {n_char=largo}",0.0255753148928223,0.501118113437691,0.0510365005913967,1.15494789472133,2465
"{1_resp=tranqui,RT_popular=amigos medios} => {n_char=largo}",0.0247452843892013,0.485150528885273,0.0510053744475109,1.11814673414047,2385
"{1_resp=tranqui,difusion=alta} => {n_char=largo}",0.0303064887634621,0.50906239107703,0.0595339378722168,1.17325740397394,2921
"{1_resp=tranqui,adherencia=intermedia} => {n_char=largo}",0.0275881388641033,0.451060220525869,0.061162872735573,1.03957737331654,2659
"{1_resp=tranqui,adherencia=alta} => {n_char=largo}",0.032516444979353,0.458790806616894,0.0708742296279388,1.05739437871182,3134
"{1_resp=tranqui,RT_popular=pocos} => {n_char=largo}",0.0249839181589923,0.449421425905189,0.055591292980017,1.03580037474817,2408
"{1_resp=tranqui,retweet_source=Twitter for Android} => {n_char=largo}",0.0318316698138657,0.468253968253968,0.0679794982465606,1.07920452350018,3068
"{1_resp=tranqui,fecha_inicio_T_momento=Tarde} => {n_char=largo}",0.0332530970513166,0.478858508889885,0.0694424270091926,1.10364525224957,3205
"{1_resp=tranqui,retweet_es_finde=Finde} => {n_char=largo}",0.0486812890373721,0.475331779961503,0.102415388765537,1.09551705244625,4692
"{1_resp=tranqui,retweet_verified=Sin verificar} => {n_char=largo}",0.0708119773401673,0.462649132321041,0.153057624867714,1.06628682348613,6825
"{1_resp=rapida,retweet_source=Twitter Web App} => {n_char=largo}",0.0231578510510261,0.485851110143666,0.0476645016704364,1.11976139309565,2232
"{1_resp=rapida,polaridad=Negativo} => {n_char=largo}",0.0221514390653857,0.454545454545455,0.0487331659438484,1.04760993806643,2135
"{1_resp=rapida,polaridad=Positivo} => {n_char=largo}",0.023230478720093,0.459093705146607,0.0506007345769957,1.05809248163371,2239
"{1_resp=rapida,RT_popular=amigos medios} => {n_char=largo}",0.022203315971862,0.445091514143095,0.0498848332676226,1.02582104584375,2140
"{1_resp=desde el pasado,RT_popular=muchos} => {n_char=largo}",0.0216741715258036,0.499402342816161,0.0434002199580835,1.15099348634131,2089
"{1_resp=desde el pasado,retweet_source=Twitter Web App} => {n_char=largo}",0.0294245813533647,0.605853450117496,0.0485671598431242,1.39633580978083,2836
"{1_resp=desde el pasado,difusion=baja} => {n_char=largo}",0.0208337656408873,0.497522299306244,0.0418750389076799,1.14666047135834,2008
"{1_resp=desde el pasado,polaridad=Negativo} => {n_char=largo}",0.0248490382021539,0.529632905793897,0.0469174742171775,1.22066713040071,2395
"{1_resp=desde el pasado,polaridad=Positivo} => {n_char=largo}",0.0285945508497437,0.561990212071778,0.0508808698719678,1.2952423687774,2756
"{1_resp=desde el pasado,RT_popular=amigos medios} => {n_char=largo}",0.0273495050943122,0.499147888657451,0.0547923886202818,1.15040703518933,2636
"{1_resp=desde el pasado,difusion=alta} => {n_char=largo}",0.0416467805191841,0.487431693989071,0.0854412649664875,1.12340423085331,4014
"{1_resp=desde el pasado,adherencia=intermedia} => {n_char=largo}",0.0246830321014297,0.52148180622534,0.047332489468988,1.2018809499895,2379
"{1_resp=desde el pasado,adherencia=alta} => {n_char=largo}",0.032910709468573,0.515437114072148,0.063850096491046,1.18794949493058,3172
"{1_resp=desde el pasado,RT_popular=pocos} => {n_char=largo}",0.0256168164180034,0.478581120372165,0.0535265921022598,1.10300594332026,2469
"{1_resp=desde el pasado,retweet_source=Twitter for Android} => {n_char=largo}",0.0314374053246457,0.453389196468652,0.06933867319624,1.04494506167153,3030
"{1_resp=desde el pasado,fecha_inicio_T_momento=Tarde} => {n_char=largo}",0.0392396920586832,0.520148535277128,0.0754393973978544,1.19880810461944,3782
"{1_resp=desde el pasado,retweet_es_finde=Finde} => {n_char=largo}",0.0772654645058206,0.490579710144928,0.157498288062086,1.13065959547546,7447
"{1_resp=desde el pasado,retweet_verified=Sin verificar} => {n_char=largo}",0.0767051939158764,0.469754733765409,0.163287750824843,1.08266340060206,7393
"{1_resp=hace un ratín,RT_popular=muchos} => {n_char=largo}",0.0202319935257621,0.507944777285751,0.0398310887925131,1.17068159268168,1950
"{1_resp=hace un ratín,retweet_source=Twitter Web App} => {n_char=largo}",0.0249735427776971,0.532993799822852,0.0468552219294059,1.22841312356886,2407
"{1_resp=hace un ratín,difusion=baja} => {n_char=largo}",0.0223589466912909,0.455795262267343,0.0490548027640016,1.0504904222447,2155
"{1_resp=hace un ratín,polaridad=Negativo} => {n_char=largo}",0.0266336037849391,0.512784658409908,0.0519391587640846,1.18183626932408,2567
"{1_resp=hace un ratín,polaridad=Positivo} => {n_char=largo}",0.0262185885331286,0.514978601997147,0.0509119960158536,1.18689274295629,2527
"{1_resp=hace un ratín,RT_popular=amigos medios} => {n_char=largo}",0.0263742192525575,0.470305272895467,0.0560789359008944,1.08393225118274,2542
"{1_resp=hace un ratín,difusion=alta} => {n_char=largo}",0.0332945985764977,0.508961141950833,0.0654167790666307,1.17302405087413,3209
"{1_resp=hace un ratín,adherencia=intermedia} => {n_char=largo}",0.0271316220871117,0.471425996033892,0.0575522400448217,1.08651522871754,2615
"{1_resp=hace un ratín,adherencia=alta} => {n_char=largo}",0.0321014297275425,0.477985478139966,0.0671598431242348,1.1016331417319,3094
"{1_resp=hace un ratín,RT_popular=pocos} => {n_char=largo}",0.0269967421302733,0.450875064980073,0.0598763254549605,1.03915063757884,2602
"{1_resp=hace un ratín,retweet_source=Twitter for Android} => {n_char=largo}",0.033346475482974,0.480562200956938,0.0693905501027163,1.10757182267944,3214
"{1_resp=hace un ratín,fecha_inicio_T_momento=Tarde} => {n_char=largo}",0.0380361478284327,0.488474350433045,0.0778672366209458,1.12580728480924,3666
"{1_resp=hace un ratín,retweet_es_finde=Finde} => {n_char=largo}",0.0643896163183997,0.480489315577578,0.134008424809612,1.10740384069438,6206
"{1_resp=hace un ratín,retweet_verified=Sin verificar} => {n_char=largo}",0.074080222448175,0.461568297886095,0.160496773256417,1.06379577911613,7140
"{retweet_source=Twitter for iPhone,RT_popular=muchos} => {n_char=largo}",0.0236869954970845,0.464874770922419,0.0509534975410346,1.0714163459443,2283
"{retweet_verified=Verificados,RT_popular=muchos} => {n_char=largo}",0.0231889771949119,0.486504135829343,0.0476645016704364,1.12126644873153,2235
"{retweet_source=Twitter Web App,RT_popular=muchos} => {n_char=largo}",0.0286671785188106,0.550617776006377,0.0520636633396277,1.26903183928469,2763
"{difusion=baja,RT_popular=muchos} => {n_char=largo}",0.0216222946193273,0.463626251390434,0.0466373389222054,1.06853883071123,2084
"{polaridad=Negativo,RT_popular=muchos} => {n_char=largo}",0.0244236475690482,0.519073869900772,0.0470523541740159,1.19633127833703,2354
"{polaridad=Positivo,RT_popular=muchos} => {n_char=largo}",0.0274117573820838,0.532017720499396,0.0515241435122741,1.22616351268975,2642
"{difusion=alta,RT_popular=muchos} => {n_char=largo}",0.0343010105621382,0.519729602263795,0.0659978004191654,1.1978425721655,3306
"{adherencia=intermedia,RT_popular=muchos} => {n_char=largo}",0.0238945031229898,0.486789262312408,0.0490859289078874,1.12192359167351,2303
"{adherencia=alta,RT_popular=muchos} => {n_char=largo}",0.0331908447635451,0.502987421383648,0.0659874250378701,1.15925616700062,3199
"{retweet_source=Twitter for Android,RT_popular=muchos} => {n_char=largo}",0.0267581083604822,0.481246501212913,0.0556016683613123,1.10914895812676,2579
"{fecha_inicio_T_momento=Tarde,RT_popular=muchos} => {n_char=largo}",0.0395717042601316,0.484440492823574,0.0816853769376025,1.11651028430431,3814
"{fecha_inicio_T_momento=Noche,RT_popular=muchos} => {n_char=largo}",0.0401942271378473,0.456624233851957,0.0880247349090079,1.05240098775961,3874
"{retweet_es_finde=Finde,RT_popular=muchos} => {n_char=largo}",0.0629681890809487,0.491855093605641,0.128021829802245,1.1335990251297,6069
"{retweet_verified=Sin verificar,RT_popular=muchos} => {n_char=largo}",0.0713514971675209,0.466237288135593,0.153036874105123,1.07455659640558,6877
"{polaridad=Negativo,retweet_source=Twitter for iPhone} => {n_char=largo}",0.0257931979000228,0.48159628051143,0.0535577182461456,1.10995510911912,2486
"{polaridad=Positivo,retweet_source=Twitter for iPhone} => {n_char=largo}",0.0261459608640618,0.49547778214707,0.0527691892677056,1.14194838707044,2520
"{difusion=alta,retweet_source=Twitter for iPhone} => {n_char=largo}",0.036189329957876,0.487286951662476,0.0742669793114897,1.12307063715375,3488
"{adherencia=alta,retweet_source=Twitter for iPhone} => {n_char=largo}",0.030503621008072,0.460093896713615,0.066298686476728,1.06039766500996,2940
"{fecha_inicio_T_momento=Tarde,retweet_source=Twitter for iPhone} => {n_char=largo}",0.0367911020730012,0.450057113846935,0.081747629225374,1.0372654713598,3546
"{retweet_source=Twitter Web App,retweet_verified=Verificados} => {n_char=largo}",0.0236973708783798,0.524093620927031,0.0452159116847544,1.20790050867283,2284
"{polaridad=Positivo,retweet_verified=Verificados} => {n_char=largo}",0.0265713514971675,0.455369843527738,0.0583511444045569,1.04950994186591,2561
"{difusion=alta,retweet_verified=Verificados} => {n_char=largo}",0.0398829656989894,0.484375,0.082339025959204,1.11635934025204,3844
"{difusion=baja,retweet_source=Twitter Web App} => {n_char=largo}",0.031053516216721,0.519257460097155,0.0598036977858936,1.19675440634841,2993
"{polaridad=Negativo,retweet_source=Twitter Web App} => {n_char=largo}",0.0344462659002718,0.561474716725858,0.0613496295988878,1.29405428507309,3320
"{polaridad=Positivo,retweet_source=Twitter Web App} => {n_char=largo}",0.0364383391089623,0.572080143345822,0.0636944657716171,1.31849705578701,3512
"{retweet_source=Twitter Web App,RT_popular=muy muchos} => {n_char=largo}",0.0256479425618891,0.48527679623086,0.0528521923180677,1.11843774777787,2472
"{retweet_source=Twitter Web App,RT_popular=amigos medios} => {n_char=largo}",0.0348405303894918,0.54833442194644,0.0635388350521882,1.263769297593,3358
"{difusion=alta,retweet_source=Twitter Web App} => {n_char=largo}",0.0351206656844639,0.599009024951336,0.058631279699529,1.3805611765671,3385
"{adherencia=intermedia,retweet_source=Twitter Web App} => {n_char=largo}",0.0363242099147144,0.533526363913441,0.0680832520595132,1.22964054632357,3501
"{adherencia=alta,retweet_source=Twitter Web App} => {n_char=largo}",0.036863729742068,0.56129541864139,0.0656761635990123,1.29364104927173,3553
"{retweet_source=Twitter Web App,RT_popular=pocos} => {n_char=largo}",0.0346330227635866,0.495472762357132,0.0698989437861841,1.14193681775043,3338
"{fecha_inicio_T_momento=Tarde,retweet_source=Twitter Web App} => {n_char=largo}",0.0528625676993629,0.532504180602007,0.0992716482330726,1.22728467765328,5095
"{retweet_es_finde=Laborable,retweet_source=Twitter Web App} => {n_char=largo}",0.0380776493536137,0.466564963132469,0.0816127492685356,1.07531180268858,3670
"{fecha_inicio_T_momento=Noche,retweet_source=Twitter Web App} => {n_char=largo}",0.0486605382747816,0.488439908352427,0.0996244111971115,1.12572790470417,4690
"{polaridad=Neutro,retweet_source=Twitter Web App} => {n_char=largo}",0.0528936938432487,0.466849816849817,0.113299163744268,1.07596831697599,5098
"{retweet_es_finde=Finde,retweet_source=Twitter Web App} => {n_char=largo}",0.0857006494988691,0.546802594995366,0.156730509846237,1.26023883189085,8260
"{retweet_source=Twitter Web App,retweet_verified=Sin verificar} => {n_char=largo}",0.100080927974103,0.518212098420544,0.193127347430018,1.19434511752956,9646
"{difusion=baja,polaridad=Negativo} => {n_char=largo}",0.0274221327633791,0.47179578721885,0.0581228860160611,1.08736750194235,2643
"{difusion=baja,polaridad=Positivo} => {n_char=largo}",0.0306488763462057,0.508521260113617,0.0602705899441805,1.17201023678879,2954
"{difusion=baja,RT_popular=amigos medios} => {n_char=largo}",0.0328069556556203,0.471799462846911,0.0695358054408499,1.08737597331622,3162
"{adherencia=intermedia,difusion=baja} => {n_char=largo}",0.0686850241746384,0.469204054149833,0.14638625469486,1.08139422623853,6620
"{difusion=baja,RT_popular=pocos} => {n_char=largo}",0.033782241497375,0.46079818850835,0.0733124442323255,1.06202087579358,3256
"{difusion=baja,retweet_source=Twitter for Android} => {n_char=largo}",0.0359714469506754,0.457508577461072,0.0786246394555,1.05443917149748,3467
"{difusion=baja,fecha_inicio_T_momento=Tarde} => {n_char=largo}",0.0444585088502002,0.469383284039873,0.0947168558444523,1.08180730486934,4285
"{difusion=baja,retweet_es_finde=Finde} => {n_char=largo}",0.0681351289659895,0.467701730645965,0.145680728766782,1.07793175836628,6567
"{difusion=baja,retweet_verified=Sin verificar} => {n_char=largo}",0.0873399597435206,0.457997823721436,0.190699508206927,1.05556675783542,8418
"{polaridad=Negativo,RT_popular=amigos medios} => {n_char=largo}",0.0339067460729182,0.515864246250987,0.0657280405054886,1.1889339243445,3268
"{difusion=alta,polaridad=Negativo} => {n_char=largo}",0.0390010582888921,0.557549688519727,0.0699508206926605,1.28500810825004,3759
"{adherencia=intermedia,polaridad=Negativo} => {n_char=largo}",0.0309497624037683,0.469837769727516,0.0658732958436223,1.08285477706013,2983
"{adherencia=alta,polaridad=Negativo} => {n_char=largo}",0.0366873482600486,0.509803921568627,0.0719636446639414,1.17496644034117,3536
"{polaridad=Negativo,RT_popular=pocos} => {n_char=largo}",0.0351829179722355,0.476933895921238,0.0737689610093171,1.09920951616922,3391
"{polaridad=Negativo,retweet_source=Twitter for Android} => {n_char=largo}",0.0421759249652425,0.514101429113444,0.0820381399016414,1.18487108588947,4065
"{fecha_inicio_T_momento=Tarde,polaridad=Negativo} => {n_char=largo}",0.0475918740013695,0.504453975585615,0.0943433421178228,1.16263619586534,4587
"{polaridad=Negativo,retweet_es_finde=Laborable} => {n_char=largo}",0.042829573986844,0.447965274009767,0.0956091386358449,1.03244432051482,4128
"{fecha_inicio_T_momento=Noche,polaridad=Negativo} => {n_char=largo}",0.0513477620302546,0.459517177344475,0.111742856549978,1.05906847573627,4949
"{polaridad=Negativo,retweet_es_finde=Finde} => {n_char=largo}",0.0760307941316843,0.50367722867551,0.150951422464776,1.16084599474409,7328
"{polaridad=Negativo,retweet_verified=Sin verificar} => {n_char=largo}",0.0955572617293686,0.497246517654681,0.192172812350854,1.14602486584073,9210
"{polaridad=Positivo,RT_popular=amigos medios} => {n_char=largo}",0.0338548691664419,0.527140549273021,0.0642236102176755,1.21492289198767,3263
"{difusion=alta,polaridad=Positivo} => {n_char=largo}",0.0377663879147559,0.550930830936885,0.0685501442178,1.26975335008869,3640
"{adherencia=intermedia,polaridad=Positivo} => {n_char=largo}",0.0349442842024444,0.504040706375337,0.0693282978149447,1.16168371701542,3368
"{adherencia=alta,polaridad=Positivo} => {n_char=largo}",0.0375173787636696,0.521337946943483,0.0719636446639414,1.20154939148011,3616
"{polaridad=Positivo,RT_popular=pocos} => {n_char=largo}",0.0355668070801602,0.500584112149533,0.0710506111099583,1.15371715959722,3428
"{polaridad=Positivo,retweet_source=Twitter for Android} => {n_char=largo}",0.0432860907638356,0.519745857730161,0.0832831856570729,1.19788003681935,4172
"{fecha_inicio_T_momento=Tarde,polaridad=Positivo} => {n_char=largo}",0.0504969807640431,0.516009329940628,0.0978605963769169,1.18926830479776,4867
"{polaridad=Positivo,retweet_es_finde=Laborable} => {n_char=largo}",0.0455064223610218,0.458307210031348,0.0992923989956631,1.05627981341594,4386
"{fecha_inicio_T_momento=Noche,polaridad=Positivo} => {n_char=largo}",0.054522628706605,0.476168901776006,0.114502707974518,1.09744640213719,5255
"{polaridad=Positivo,retweet_es_finde=Finde} => {n_char=largo}",0.07901890394472,0.519686113954282,0.152051212882073,1.19774234283798,7616
"{polaridad=Positivo,retweet_verified=Sin verificar} => {n_char=largo}",0.0979539748085742,0.507553357346379,0.19299246747318,1.16977947076111,9441
"{difusion=alta,RT_popular=amigos medios} => {n_char=largo}",0.0299641011807184,0.54326561324304,0.055155526965616,1.25208700197496,2888
"{adherencia=intermedia,RT_popular=amigos medios} => {n_char=largo}",0.0394887012097695,0.495831162063575,0.0796414268224357,1.14276283655782,3806
"{adherencia=alta,RT_popular=amigos medios} => {n_char=largo}",0.0368014774542964,0.493461324429605,0.0745782407503476,1.13730097255253,3547
"{retweet_source=Twitter for Android,RT_popular=amigos medios} => {n_char=largo}",0.0443651304185429,0.452438895354989,0.0980577286215269,1.0427548629117,4276
"{fecha_inicio_T_momento=Tarde,RT_popular=amigos medios} => {n_char=largo}",0.0506214853395862,0.50210970464135,0.100817580046067,1.15723325648013,4879
"{retweet_es_finde=Finde,RT_popular=amigos medios} => {n_char=largo}",0.0775767259446785,0.487005796912655,0.159293229026167,1.12242264803165,7477
"{retweet_verified=Sin verificar,RT_popular=amigos medios} => {n_char=largo}",0.111255213629101,0.456492124308216,0.243717706625718,1.05209650936355,10723
"{adherencia=alta,difusion=alta} => {n_char=largo}",0.0514618912245025,0.546496253856324,0.0941669606358034,1.25953279464311,4960
"{difusion=alta,retweet_source=Twitter for Android} => {n_char=largo}",0.0421863003465377,0.519019657901455,0.0812807370670872,1.19620633367269,4066
"{difusion=alta,fecha_inicio_T_momento=Tarde} => {n_char=largo}",0.0520636633396277,0.525500052361504,0.0990745159884626,1.21114197007835,5018
"{difusion=alta,retweet_es_finde=Laborable} => {n_char=largo}",0.0418854142889751,0.482202580028667,0.0868626922039385,1.11135247299847,4037
"{difusion=alta,fecha_inicio_T_momento=Noche} => {n_char=largo}",0.0577078707642506,0.470916941833884,0.122543628478347,1.08534199019186,5562
"{difusion=alta,retweet_es_finde=Finde} => {n_char=largo}",0.0877861011392169,0.50598014591556,0.173497126019381,1.16615362451597,8461
"{difusion=alta,retweet_verified=Sin verificar} => {n_char=largo}",0.0897885497292026,0.504341744856926,0.178031167645411,1.16237753300653,8654
"{adherencia=intermedia,RT_popular=pocos} => {n_char=largo}",0.0414496482745741,0.463887598699489,0.0893527837148015,1.06914116879538,3995
"{adherencia=intermedia,retweet_source=Twitter for Android} => {n_char=largo}",0.0442717519868855,0.477774045459635,0.0926625303479903,1.10114584398217,4267
"{adherencia=intermedia,fecha_inicio_T_momento=Tarde} => {n_char=largo}",0.0528936938432487,0.479947279231783,0.110207300118279,1.10615458683655,5098
"{adherencia=intermedia,retweet_es_finde=Finde} => {n_char=largo}",0.0802120727936752,0.479620323841429,0.167240771098338,1.10540103906083,7731
"{adherencia=intermedia,retweet_verified=Sin verificar} => {n_char=largo}",0.103639683758378,0.474784923237796,0.21828764707103,1.09425668886165,9989
"{adherencia=alta,RT_popular=pocos} => {n_char=largo}",0.0270589944180449,0.501152959262106,0.0539934842605466,1.15502820535164,2608
"{adherencia=alta,retweet_source=Twitter for Android} => {n_char=largo}",0.0432445892386545,0.492962743938498,0.0877238488514453,1.13615187322223,4168
"{adherencia=alta,fecha_inicio_T_momento=Tarde} => {n_char=largo}",0.0509534975410346,0.495660072668551,0.102799277873462,1.14236851966666,4911
"{adherencia=alta,retweet_es_finde=Finde} => {n_char=largo}",0.084829117470067,0.490785761450267,0.17284347699778,1.13113449054496,8176
"{adherencia=alta,retweet_verified=Sin verificar} => {n_char=largo}",0.0975700857006495,0.487354892205638,0.200203357473387,1.12322722256782,9404
"{fecha_inicio_T_momento=Tarde,RT_popular=pocos} => {n_char=largo}",0.0509846236849204,0.468356843309188,0.108858500549895,1.07944162394668,4914
"{retweet_es_finde=Finde,RT_popular=pocos} => {n_char=largo}",0.0766948185345811,0.463186916473463,0.165580710091096,1.06752627713588,7392
"{fecha_inicio_T_momento=Tarde,retweet_source=Twitter for Android} => {n_char=largo}",0.0603017160880662,0.487297727844387,0.123747172708597,1.12309547347133,5812
"{retweet_es_finde=Finde,retweet_source=Twitter for Android} => {n_char=largo}",0.0912929800170156,0.472429530201342,0.193241476624266,1.08882811592496,8799
"{fecha_inicio_T_momento=Tarde,retweet_es_finde=Finde} => {n_char=largo}",0.126569276420908,0.477250498806776,0.265205121288207,1.09993920409371,12199
"{fecha_inicio_T_momento=Tarde,retweet_verified=Sin verificar} => {n_char=largo}",0.141157062522048,0.472904862873232,0.29848934448341,1.08992363503307,13605
"{retweet_es_finde=Finde,retweet_verified=Sin verificar} => {n_char=largo}",0.217841505675334,0.464174385957155,0.469309622128613,1.06980213939412,20996
"{fecha_inicio_T_momento=Mañana,retweet_verified=Sin verificar,RT_popular=pocos} => {n_char=largo}",0.0203772488638957,0.461574618096357,0.0441472474113424,1.06381034556931,1964
"{fecha_inicio_T_momento=Mañana,retweet_es_finde=Finde,retweet_verified=Sin verificar} => {n_char=largo}",0.0342595090369571,0.50212895377129,0.0682285073976469,1.15727762075574,3302
"{1_resp=desde el pasado,adherencia=muy_alta,difusion=alta} => {n_char=largo}",0.0274428835259696,0.444687289845326,0.0617127679442219,1.02488941318234,2645
"{1_resp=desde el pasado,adherencia=muy_alta,retweet_es_finde=Finde} => {n_char=largo}",0.0219543068207757,0.442677824267782,0.0495943225913552,1.02025811374202,2116
"{1_resp=hace un ratín,adherencia=muy_alta,difusion=alta} => {n_char=largo}",0.0200659874250379,0.483983983983984,0.0414600236558694,1.11545814927053,1934
"{adherencia=muy_alta,difusion=alta,RT_popular=muchos} => {n_char=largo}",0.0209167686912494,0.484382508409419,0.0431823369508829,1.11637664519756,2016
"{adherencia=muy_alta,difusion=alta,retweet_source=Twitter for iPhone} => {n_char=largo}",0.0243302691373908,0.459353574926543,0.0529663215123156,1.05869141439465,2345
"{adherencia=muy_alta,difusion=alta,retweet_verified=Verificados} => {n_char=largo}",0.0263015915834907,0.517135862913097,0.0508601191093773,1.1918646725003,2535
"{adherencia=muy_alta,difusion=alta,polaridad=Negativo} => {n_char=largo}",0.0237492477848561,0.549975973089861,0.0431823369508829,1.26755264923472,2289
"{adherencia=muy_alta,difusion=alta,polaridad=Positivo} => {n_char=largo}",0.022639081986263,0.530255164034022,0.0426946940300056,1.22210127501679,2182
"{adherencia=muy_alta,difusion=alta,RT_popular=muy muchos} => {n_char=largo}",0.0311157685044925,0.443770346256289,0.0701168267933847,1.02277609490599,2999
"{adherencia=muy_alta,difusion=alta,retweet_source=Twitter for Android} => {n_char=largo}",0.0225249527920151,0.453614709569578,0.0496565748791268,1.04546481115605,2171
"{adherencia=muy_alta,difusion=alta,fecha_inicio_T_momento=Tarde} => {n_char=largo}",0.0293519536842979,0.486166007905138,0.0603743437571331,1.12048715114931,2829
"{adherencia=muy_alta,difusion=alta,retweet_es_finde=Laborable} => {n_char=largo}",0.0229710941877114,0.455368161250514,0.0504451038575668,1.04950606465116,2214
"{adherencia=muy_alta,difusion=alta,retweet_es_finde=Finde} => {n_char=largo}",0.0509949990662157,0.468943803072226,0.108744371355647,1.08079441468489,4915
"{adherencia=muy_alta,fecha_inicio_T_momento=Tarde,retweet_es_finde=Finde} => {n_char=largo}",0.0211450270797452,0.477730895452414,0.0442613766055903,1.10104639435411,2038
"{difusion=intermedia,retweet_source=Twitter Web App,retweet_verified=Sin verificar} => {n_char=largo}",0.0211035255545641,0.588712011577424,0.0358469423751323,1.35682921877269,2034
"{difusion=intermedia,polaridad=Positivo,retweet_verified=Sin verificar} => {n_char=largo}",0.0207196364466394,0.563487584650113,0.0367703513104107,1.29869342604431,1997
"{difusion=intermedia,retweet_verified=Sin verificar,RT_popular=amigos medios} => {n_char=largo}",0.0252329273100786,0.523912106850495,0.048162519972609,1.20748216558178,2432
"{adherencia=intermedia,difusion=intermedia,retweet_verified=Sin verificar} => {n_char=largo}",0.0233342325330456,0.593247164336587,0.0393330704903405,1.36728157519522,2249
"{adherencia=alta,difusion=intermedia,fecha_inicio_T_momento=Tarde} => {n_char=largo}",0.0233964848208172,0.4917139119058,0.0475814986200743,1.13327363775568,2255
"{adherencia=alta,difusion=intermedia,retweet_es_finde=Finde} => {n_char=largo}",0.0391048121018447,0.485946364105209,0.0804714573260567,1.1199809288885,3769
"{adherencia=alta,difusion=intermedia,retweet_verified=Sin verificar} => {n_char=largo}",0.0450499055840302,0.487044307347168,0.0924965242472661,1.12251140464226,4342
"{difusion=intermedia,retweet_verified=Sin verificar,RT_popular=pocos} => {n_char=largo}",0.0253159303604407,0.556315549475604,0.0455064223610218,1.28216373632936,2440
"{difusion=intermedia,retweet_es_finde=Finde,retweet_source=Twitter for Android} => {n_char=largo}",0.0219543068207757,0.54989604989605,0.0399244672241705,1.26736844690406,2116
"{difusion=intermedia,retweet_source=Twitter for Android,retweet_verified=Sin verificar} => {n_char=largo}",0.031250648461331,0.523007466574058,0.0597518208794173,1.20539720326504,3012
"{difusion=intermedia,fecha_inicio_T_momento=Tarde,retweet_es_finde=Finde} => {n_char=largo}",0.028604926231039,0.537531682589199,0.0532153306634019,1.23887177195323,2757
"{difusion=intermedia,fecha_inicio_T_momento=Tarde,retweet_verified=Sin verificar} => {n_char=largo}",0.0310638915980162,0.554547138358955,0.0560166836131228,1.27808800519651,2994
"{difusion=intermedia,retweet_es_finde=Laborable,retweet_verified=Sin verificar} => {n_char=largo}",0.0254404349359839,0.477600311647838,0.0532672075698782,1.10074543239298,2452
"{difusion=intermedia,fecha_inicio_T_momento=Noche,retweet_es_finde=Finde} => {n_char=largo}",0.0238322508352182,0.456387840254321,0.0522192940590567,1.05185616153882,2297
"{difusion=intermedia,fecha_inicio_T_momento=Noche,retweet_verified=Sin verificar} => {n_char=largo}",0.0324956942167625,0.469072936947731,0.0692764209084684,1.08109203493379,3132
"{difusion=intermedia,polaridad=Neutro,retweet_es_finde=Finde} => {n_char=largo}",0.028999190720259,0.469195903978513,0.0618061463758793,1.08137544219749,2795
"{difusion=intermedia,polaridad=Neutro,retweet_verified=Sin verificar} => {n_char=largo}",0.0340001245045755,0.470698075265728,0.0722334045776182,1.08483755924966,3277
"{difusion=intermedia,retweet_es_finde=Finde,retweet_verified=Sin verificar} => {n_char=largo}",0.0491274304330684,0.536240090600226,0.0916146168371688,1.23589498582537,4735
"{1_resp=tranqui,polaridad=Positivo,retweet_verified=Sin verificar} => {n_char=largo}",0.0200037351372663,0.519816662173093,0.038482289224129,1.19804322278311,1928
"{1_resp=tranqui,retweet_verified=Sin verificar,RT_popular=amigos medios} => {n_char=largo}",0.0235002386337698,0.483664317745035,0.0485879106057148,1.1147214011072,2265
"{1_resp=tranqui,difusion=alta,retweet_verified=Sin verificar} => {n_char=largo}",0.0211450270797452,0.546967257112185,0.0386586707061485,1.26061833556485,2038
"{1_resp=tranqui,adherencia=intermedia,retweet_verified=Sin verificar} => {n_char=largo}",0.0236351185906082,0.475872153749739,0.0496669502604221,1.09676247453806,2278
"{1_resp=tranqui,adherencia=alta,retweet_verified=Sin verificar} => {n_char=largo}",0.0241227615114855,0.483971690258118,0.0498433317424415,1.11542981540587,2325
"{1_resp=tranqui,retweet_verified=Sin verificar,RT_popular=pocos} => {n_char=largo}",0.024932041252516,0.450168602472836,0.0553837853541118,1.03752242386324,2403
"{1_resp=tranqui,retweet_source=Twitter for Android,retweet_verified=Sin verificar} => {n_char=largo}",0.0287398061878774,0.4592175066313,0.062584299973024,1.05837781209828,2770
"{1_resp=tranqui,fecha_inicio_T_momento=Tarde,retweet_es_finde=Finde} => {n_char=largo}",0.021373285468241,0.501460564751704,0.0426220663609388,1.15573715660104,2060
"{1_resp=tranqui,fecha_inicio_T_momento=Tarde,retweet_verified=Sin verificar} => {n_char=largo}",0.0264468469216244,0.498923468389117,0.0530078230374966,1.14988980440182,2549
"{1_resp=tranqui,retweet_es_finde=Finde,retweet_verified=Sin verificar} => {n_char=largo}",0.0379738955406611,0.491539081385979,0.0772550891245253,1.13287069853759,3660
"{1_resp=rapida,adherencia=intermedia,retweet_verified=Sin verificar} => {n_char=largo}",0.0213214085617646,0.449573397506016,0.0474258679006453,1.0361506300587,2055
"{1_resp=rapida,fecha_inicio_T_momento=Tarde,retweet_es_finde=Finde} => {n_char=largo}",0.0233031063891598,0.459963137415523,0.0506629868647673,1.06009629858158,2246
"{1_resp=rapida,fecha_inicio_T_momento=Tarde,retweet_verified=Sin verificar} => {n_char=largo}",0.027183498993588,0.456445993031359,0.0595546886348073,1.05199018867855,2620
"{1_resp=rapida,retweet_es_finde=Finde,retweet_verified=Sin verificar} => {n_char=largo}",0.0360440746197423,0.448895206098979,0.0802950758440373,1.03458757393127,3474
"{1_resp=desde el pasado,retweet_es_finde=Finde,retweet_source=Twitter Web App} => {n_char=largo}",0.024496275238115,0.617739403453689,0.0396547073104937,1.42372986402529,2361
"{1_resp=desde el pasado,retweet_source=Twitter Web App,retweet_verified=Sin verificar} => {n_char=largo}",0.0236039924467224,0.587096774193548,0.0402046025191426,1.35310651355419,2275
"{1_resp=desde el pasado,polaridad=Positivo,retweet_es_finde=Finde} => {n_char=largo}",0.022836214230873,0.57020725388601,0.0400489717997136,1.31418052904281,2201
"{1_resp=desde el pasado,polaridad=Positivo,retweet_verified=Sin verificar} => {n_char=largo}",0.0228984665186446,0.561863543788187,0.0407544977277915,1.2949504310814,2207
"{1_resp=desde el pasado,retweet_es_finde=Finde,RT_popular=amigos medios} => {n_char=largo}",0.021850553007823,0.512408759124088,0.0426428171235293,1.1809699185035,2106
"{1_resp=desde el pasado,retweet_verified=Sin verificar,RT_popular=amigos medios} => {n_char=largo}",0.0252121765474881,0.489228910811355,0.0515345188935693,1.12754635170186,2430
"{1_resp=desde el pasado,difusion=alta,retweet_es_finde=Finde} => {n_char=largo}",0.0329833371376398,0.496021220159151,0.066495818721338,1.14320087140724,3179
"{1_resp=desde el pasado,difusion=alta,retweet_verified=Sin verificar} => {n_char=largo}",0.0297047166483368,0.464999187916193,0.0638812226349318,1.07170309499841,2863
"{1_resp=desde el pasado,adherencia=intermedia,retweet_es_finde=Finde} => {n_char=largo}",0.0204810026768484,0.537142857142857,0.0381295262600901,1.23797562966936,1974
"{1_resp=desde el pasado,adherencia=intermedia,retweet_verified=Sin verificar} => {n_char=largo}",0.0219335560581851,0.529161451814768,0.0414496482745741,1.21958055067818,2114
"{1_resp=desde el pasado,adherencia=alta,retweet_es_finde=Finde} => {n_char=largo}",0.0268826129360254,0.525771103896104,0.0511298790230541,1.21176667389737,2591
"{1_resp=desde el pasado,adherencia=alta,retweet_verified=Sin verificar} => {n_char=largo}",0.0259384532381565,0.509580105992662,0.0509016206345583,1.17445060321349,2500
"{1_resp=desde el pasado,retweet_es_finde=Finde,RT_popular=pocos} => {n_char=largo}",0.0205225042020294,0.492039800995025,0.0417090328069557,1.13402472798256,1978
"{1_resp=desde el pasado,retweet_verified=Sin verificar,RT_popular=pocos} => {n_char=largo}",0.0255338133676413,0.477956884832006,0.0534228382893071,1.10156724153802,2461
"{1_resp=desde el pasado,retweet_es_finde=Finde,retweet_source=Twitter for Android} => {n_char=largo}",0.0244340229503434,0.463856608233209,0.0526758108360482,1.06906974377037,2355
"{1_resp=desde el pasado,fecha_inicio_T_momento=Tarde,retweet_es_finde=Finde} => {n_char=largo}",0.0319146728642278,0.523040299268832,0.0610176173974394,1.20547287415119,3076
"{1_resp=desde el pasado,fecha_inicio_T_momento=Tarde,retweet_verified=Sin verificar} => {n_char=largo}",0.0313336515116931,0.514130064691862,0.0609449897283725,1.18493708350585,3020
"{1_resp=desde el pasado,fecha_inicio_T_momento=Noche,retweet_es_finde=Finde} => {n_char=largo}",0.0331285924757735,0.456077703185259,0.0726380444481335,1.05114137565226,3193
"{1_resp=desde el pasado,retweet_es_finde=Finde,retweet_verified=Sin verificar} => {n_char=largo}",0.0610176173974394,0.479964090426834,0.127129547010853,1.10619333230156,5881
"{1_resp=hace un ratín,retweet_source=Twitter Web App,retweet_verified=Sin verificar} => {n_char=largo}",0.0205017534394389,0.529900777688388,0.0386897968500342,1.22128450597007,1976
"{1_resp=hace un ratín,polaridad=Negativo,retweet_verified=Sin verificar} => {n_char=largo}",0.0217571745761657,0.515106853352985,0.042238177253014,1.18718832922517,2097
"{1_resp=hace un ratín,polaridad=Positivo,retweet_verified=Sin verificar} => {n_char=largo}",0.0207300118279347,0.516679596586501,0.0401215994687805,1.19081309639638,1998
"{1_resp=hace un ratín,retweet_verified=Sin verificar,RT_popular=amigos medios} => {n_char=largo}",0.024454773712934,0.46261040235525,0.0528625676993629,1.06619756091259,2357
"{1_resp=hace un ratín,difusion=alta,retweet_es_finde=Finde} => {n_char=largo}",0.0257931979000228,0.518781302170284,0.0497188271668984,1.19565698524059,2486
"{1_resp=hace un ratín,difusion=alta,retweet_verified=Sin verificar} => {n_char=largo}",0.0232616048639788,0.518261673601479,0.044883899483306,1.19445937552447,2242
"{1_resp=hace un ratín,adherencia=intermedia,retweet_verified=Sin verificar} => {n_char=largo}",0.023904878504285,0.477018633540373,0.0501130916561184,1.09940481450748,2304
"{1_resp=hace un ratín,adherencia=alta,retweet_es_finde=Finde} => {n_char=largo}",0.0226287066049677,0.495794498749716,0.0456413023178602,1.14267833708351,2181
"{1_resp=hace un ratín,adherencia=alta,retweet_verified=Sin verificar} => {n_char=largo}",0.0252640534539644,0.489742558326629,0.0515863958000457,1.12873017663352,2435
"{1_resp=hace un ratín,retweet_verified=Sin verificar,RT_popular=pocos} => {n_char=largo}",0.0269033636986159,0.450721362767252,0.0596895685916457,1.0387963936544,2593
"{1_resp=hace un ratín,retweet_es_finde=Finde,retweet_source=Twitter for Android} => {n_char=largo}",0.022836214230873,0.507493659211437,0.0449980286775539,1.16964188197032,2201
"{1_resp=hace un ratín,retweet_source=Twitter for Android,retweet_verified=Sin verificar} => {n_char=largo}",0.0303272395260526,0.468054443554844,0.0647942561889149,1.07874467057326,2923
"{1_resp=hace un ratín,fecha_inicio_T_momento=Tarde,retweet_es_finde=Finde} => {n_char=largo}",0.027774895727418,0.503100920879534,0.0552074038720923,1.1595177540403,2677
"{1_resp=hace un ratín,fecha_inicio_T_momento=Tarde,retweet_verified=Sin verificar} => {n_char=largo}",0.0302442364756905,0.484541223404255,0.0624182938722998,1.11674244229056,2915
"{1_resp=hace un ratín,fecha_inicio_T_momento=Noche,retweet_es_finde=Finde} => {n_char=largo}",0.0245585275258866,0.444256756756757,0.0552800315411591,1.02389714554938,2367
"{1_resp=hace un ratín,retweet_es_finde=Finde,retweet_verified=Sin verificar} => {n_char=largo}",0.0509742483036252,0.479270315091211,0.106358033657737,1.10459435924152,4913
"{retweet_es_finde=Finde,retweet_source=Twitter Web App,RT_popular=muchos} => {n_char=largo}",0.0206677595401631,0.571756601607348,0.0361478284326949,1.31775137559768,1992
"{retweet_source=Twitter Web App,retweet_verified=Sin verificar,RT_popular=muchos} => {n_char=largo}",0.0217986761013467,0.541774110366168,0.0402357286630284,1.24864947285473,2101
"{polaridad=Positivo,retweet_verified=Sin verificar,RT_popular=muchos} => {n_char=largo}",0.0208441410221826,0.528823374572256,0.0394160735407026,1.21880136990419,2009
"{difusion=alta,retweet_es_finde=Finde,RT_popular=muchos} => {n_char=largo}",0.0236558693531987,0.53196453569762,0.0444688842314955,1.22604093545059,2280
"{difusion=alta,retweet_verified=Sin verificar,RT_popular=muchos} => {n_char=largo}",0.0252121765474881,0.505197505197505,0.0499055840302131,1.1643498396888,2430
"{adherencia=alta,retweet_es_finde=Finde,RT_popular=muchos} => {n_char=largo}",0.022203315971862,0.530096606390884,0.0418854142889751,1.22173584057883,2140
"{adherencia=alta,retweet_verified=Sin verificar,RT_popular=muchos} => {n_char=largo}",0.0250357950654687,0.496604239555464,0.050413977713681,1.1445445806173,2413
"{retweet_source=Twitter for Android,retweet_verified=Sin verificar,RT_popular=muchos} => {n_char=largo}",0.0223900728351767,0.464185846418585,0.0482351476416758,1.06982855279935,2158
"{fecha_inicio_T_momento=Tarde,retweet_es_finde=Finde,RT_popular=muchos} => {n_char=largo}",0.0287709323317632,0.503540947884511,0.0571372247930111,1.16053190269985,2773
"{fecha_inicio_T_momento=Tarde,retweet_verified=Sin verificar,RT_popular=muchos} => {n_char=largo}",0.0292585752526405,0.477318889641165,0.0612977526924114,1.10009682731282,2820
"{fecha_inicio_T_momento=Noche,retweet_es_finde=Finde,RT_popular=muchos} => {n_char=largo}",0.0245170260007055,0.474497991967872,0.0516693988504077,1.09359538635184,2363
"{fecha_inicio_T_momento=Noche,retweet_verified=Sin verificar,RT_popular=muchos} => {n_char=largo}",0.0317901682886846,0.455816721213924,0.0697433130667552,1.05053987957724,3064
"{retweet_es_finde=Finde,retweet_verified=Sin verificar,RT_popular=muchos} => {n_char=largo}",0.0466892158286817,0.482573726541555,0.0967504305783238,1.11220786990431,4500
"{polaridad=Negativo,retweet_source=Twitter for iPhone,retweet_verified=Sin verificar} => {n_char=largo}",0.0204706272955531,0.456712962962963,0.0448216471955344,1.05260548545628,1973
"{difusion=alta,retweet_es_finde=Finde,retweet_source=Twitter for iPhone} => {n_char=largo}",0.0244858998568197,0.496110994324154,0.0493556888215642,1.1434077776836,2360
"{difusion=alta,retweet_source=Twitter for iPhone,retweet_verified=Sin verificar} => {n_char=largo}",0.0245066506194103,0.455720625120587,0.0537756012533461,1.05031840288798,2362
"{adherencia=alta,retweet_source=Twitter for iPhone,retweet_verified=Sin verificar} => {n_char=largo}",0.0245896536697724,0.443322109988777,0.0554667884044739,1.02174302601541,2370
"{fecha_inicio_T_momento=Tarde,retweet_es_finde=Finde,retweet_source=Twitter for iPhone} => {n_char=largo}",0.0259695793820423,0.468990069327337,0.0553734099728165,1.08090104645992,2503
"{difusion=alta,retweet_verified=Verificados,RT_popular=muy muchos} => {n_char=largo}",0.0281069079288664,0.453085800301054,0.0620344047643751,1.04424581182276,2709
"{difusion=alta,retweet_es_finde=Finde,retweet_verified=Verificados} => {n_char=largo}",0.0275155111950364,0.502082544490723,0.0548027640015771,1.15717065934396,2652
"{adherencia=alta,retweet_es_finde=Finde,retweet_verified=Verificados} => {n_char=largo}",0.021611919238032,0.451256499133449,0.0478927600589322,1.04002974484039,2083
"{fecha_inicio_T_momento=Tarde,retweet_es_finde=Finde,retweet_verified=Verificados} => {n_char=largo}",0.0273287543317217,0.444406951240088,0.0614948849370214,1.02424330506282,2634
"{adherencia=intermedia,difusion=baja,retweet_source=Twitter Web App} => {n_char=largo}",0.0208856425473636,0.54229525862069,0.0385134153680148,1.24985058505415,2013
"{difusion=baja,retweet_es_finde=Finde,retweet_source=Twitter Web App} => {n_char=largo}",0.0217260484322799,0.552215189873418,0.0393434458716358,1.27271346589779,2094
"{difusion=baja,retweet_source=Twitter Web App,retweet_verified=Sin verificar} => {n_char=largo}",0.0262600900583096,0.532505785819482,0.0493141872963831,1.2272883772652,2531
"{polaridad=Negativo,retweet_es_finde=Finde,retweet_source=Twitter Web App} => {n_char=largo}",0.0233134817704551,0.582577132486388,0.0400178456558278,1.34268990610256,2247
"{polaridad=Negativo,retweet_source=Twitter Web App,retweet_verified=Sin verificar} => {n_char=largo}",0.0289369384324874,0.563776025874267,0.0513270112676641,1.29935820860885,2789
"{polaridad=Positivo,retweet_es_finde=Finde,retweet_source=Twitter Web App} => {n_char=largo}",0.025087671971945,0.600894632206759,0.0417505343321367,1.38490701454726,2418
"{polaridad=Positivo,retweet_source=Twitter Web App,retweet_verified=Sin verificar} => {n_char=largo}",0.0304206179577099,0.575692126448066,0.0528418169367724,1.3268217444539,2932
"{retweet_es_finde=Finde,retweet_source=Twitter Web App,RT_popular=amigos medios} => {n_char=largo}",0.0246726567201345,0.56808408982322,0.0434313461019692,1.3092871839437,2378
"{retweet_source=Twitter Web App,retweet_verified=Sin verificar,RT_popular=amigos medios} => {n_char=largo}",0.0323919404038098,0.540793348345747,0.059897076217551,1.2463890695679,3122
"{difusion=alta,retweet_es_finde=Finde,retweet_source=Twitter Web App} => {n_char=largo}",0.0250980473532402,0.61225006327512,0.0409931314975825,1.4110783519114,2419
"{difusion=alta,retweet_source=Twitter Web App,retweet_verified=Sin verificar} => {n_char=largo}",0.0250046689215829,0.595061728395062,0.0420202942458135,1.37146367694524,2410
"{adherencia=baja,retweet_source=Twitter Web App,retweet_verified=Sin verificar} => {n_char=largo}",0.027774895727418,0.443211920529801,0.0626673030233861,1.02148906775636,2677
"{adherencia=intermedia,retweet_es_finde=Finde,retweet_source=Twitter Web App} => {n_char=largo}",0.025564939511527,0.57182640983987,0.0447075180012865,1.31791226555361,2464
"{adherencia=intermedia,retweet_source=Twitter Web App,retweet_verified=Sin verificar} => {n_char=largo}",0.0308148824469299,0.547364541098415,0.0562968189080949,1.26153397259971,2970
"{adherencia=alta,retweet_es_finde=Finde,retweet_source=Twitter Web App} => {n_char=largo}",0.0257724471374323,0.585987261146497,0.0439812413106182,1.35054937238628,2484
"{adherencia=alta,retweet_source=Twitter Web App,retweet_verified=Sin verificar} => {n_char=largo}",0.0279409018281422,0.568383284086112,0.0491585565769542,1.30997674948678,2693
"{retweet_es_finde=Finde,retweet_source=Twitter Web App,RT_popular=pocos} => {n_char=largo}",0.0222655682596335,0.527143208056988,0.042238177253014,1.21492901979838,2146
"{retweet_source=Twitter Web App,retweet_verified=Sin verificar,RT_popular=pocos} => {n_char=largo}",0.0345085181880434,0.495678092399404,0.069618808491212,1.14241005049474,3326
"{difusion=muy_baja,retweet_es_finde=Finde,retweet_source=Twitter Web App} => {n_char=largo}",0.0201178643315142,0.443910256410256,0.045319665497707,1.023098551695,1939
"{fecha_inicio_T_momento=Tarde,polaridad=Neutro,retweet_source=Twitter Web App} => {n_char=largo}",0.0233031063891598,0.487836663770634,0.047768255483389,1.12433758166243,2246
"{fecha_inicio_T_momento=Tarde,retweet_es_finde=Finde,retweet_source=Twitter Web App} => {n_char=largo}",0.0400904733248947,0.552078868409773,0.0726172936855429,1.2723992801136,3864
"{fecha_inicio_T_momento=Tarde,retweet_source=Twitter Web App,retweet_verified=Sin verificar} => {n_char=largo}",0.0422693033968998,0.534505379165573,0.0790811562324915,1.2318969237604,4074
"{retweet_es_finde=Laborable,retweet_source=Twitter Web App,retweet_verified=Sin verificar} => {n_char=largo}",0.0323089373534477,0.474116930572473,0.0681455043472848,1.0927171382012,3114
"{fecha_inicio_T_momento=Noche,retweet_es_finde=Finde,retweet_source=Twitter Web App} => {n_char=largo}",0.0304932456267768,0.51752069026237,0.0589217903757963,1.19275160020249,2939
"{fecha_inicio_T_momento=Noche,retweet_source=Twitter Web App,retweet_verified=Sin verificar} => {n_char=largo}",0.03950945197236,0.484786760025462,0.0814986200742877,1.11730834082054,3808
"{polaridad=Neutro,retweet_es_finde=Finde,retweet_source=Twitter Web App} => {n_char=largo}",0.037299495756469,0.49757785467128,0.0749621298582723,1.14678851213389,3595
"{polaridad=Neutro,retweet_source=Twitter Web App,retweet_verified=Sin verificar} => {n_char=largo}",0.0407233715839057,0.457779332866807,0.0889585192255815,1.05506319281591,3925
"{retweet_es_finde=Finde,retweet_source=Twitter Web App,retweet_verified=Sin verificar} => {n_char=largo}",0.0677719906206553,0.542254690353644,0.124981843082733,1.24975708567075,6532
"{difusion=baja,polaridad=Negativo,retweet_verified=Sin verificar} => {n_char=largo}",0.0230540972380735,0.499325842696629,0.0461704467639186,1.15081717331324,2222
"{difusion=baja,polaridad=Positivo,retweet_verified=Sin verificar} => {n_char=largo}",0.0250669212093544,0.527856674677737,0.0474881201884169,1.21657337618761,2416
"{adherencia=intermedia,difusion=baja,RT_popular=amigos medios} => {n_char=largo}",0.022006183727252,0.516309639727361,0.0426220663609388,1.18996044133534,2121
"{difusion=baja,retweet_es_finde=Finde,RT_popular=amigos medios} => {n_char=largo}",0.0215392915689652,0.508823529411765,0.0423315556846714,1.17270688949436,2076
"{difusion=baja,retweet_verified=Sin verificar,RT_popular=amigos medios} => {n_char=largo}",0.0308771347347015,0.468292682926829,0.0659355481313938,1.07929375082746,2976
"{adherencia=intermedia,difusion=baja,RT_popular=pocos} => {n_char=largo}",0.021653420763213,0.479990800367985,0.0451121578718018,1.10625489182111,2087
"{adherencia=intermedia,difusion=baja,retweet_source=Twitter for Android} => {n_char=largo}",0.0222655682596335,0.487063095778484,0.045713929986927,1.12255470712647,2146
"{adherencia=intermedia,difusion=baja,fecha_inicio_T_momento=Tarde} => {n_char=largo}",0.0288124338569442,0.496602288984263,0.0580191322031085,1.14454008505419,2777
"{adherencia=intermedia,difusion=baja,retweet_es_finde=Finde} => {n_char=largo}",0.0447075180012865,0.4991890639481,0.0895602913407068,1.15050193360544,4309
"{adherencia=intermedia,difusion=baja,retweet_verified=Sin verificar} => {n_char=largo}",0.0561930650951422,0.492991079555798,0.113983938909755,1.13621717950565,5416
"{difusion=baja,retweet_es_finde=Finde,RT_popular=pocos} => {n_char=largo}",0.0210412732667926,0.489855072463768,0.0429540785623872,1.12898949267565,2028
"{difusion=baja,retweet_verified=Sin verificar,RT_popular=pocos} => {n_char=largo}",0.0336888630657177,0.461287114646967,0.0730323089373534,1.06314772433353,3247
"{difusion=baja,retweet_es_finde=Finde,retweet_source=Twitter for Android} => {n_char=largo}",0.0217883007200515,0.489396411092985,0.0445207611379718,1.12793239661312,2100
"{difusion=baja,retweet_source=Twitter for Android,retweet_verified=Sin verificar} => {n_char=largo}",0.0336681123031271,0.450506733305567,0.0747338714697765,1.03830172814886,3245
"{difusion=baja,fecha_inicio_T_momento=Tarde,retweet_es_finde=Finde} => {n_char=largo}",0.0318420451951609,0.48877209746775,0.0651470191529539,1.12649351486493,3069
"{difusion=baja,fecha_inicio_T_momento=Tarde,retweet_verified=Sin verificar} => {n_char=largo}",0.035836566993837,0.491392801251956,0.0729285551244008,1.13253356058887,3454
"{difusion=baja,retweet_es_finde=Finde,retweet_verified=Sin verificar} => {n_char=largo}",0.0554356622605881,0.48696682464455,0.113838683571621,1.12233282701382,5343
"{polaridad=Negativo,retweet_es_finde=Finde,RT_popular=amigos medios} => {n_char=largo}",0.0220788113963188,0.54147582697201,0.040775248490382,1.24796200662896,2128
"{polaridad=Negativo,retweet_verified=Sin verificar,RT_popular=amigos medios} => {n_char=largo}",0.0318420451951609,0.511670556852284,0.0622315370089851,1.17926855282376,3069
"{difusion=alta,polaridad=Negativo,retweet_es_finde=Finde} => {n_char=largo}",0.0265298499719865,0.563091829993394,0.0471146064617875,1.2977813137192,2557
"{difusion=alta,polaridad=Negativo,retweet_verified=Sin verificar} => {n_char=largo}",0.0273287543317217,0.573107049608355,0.0476852524330269,1.32086380964041,2634
"{adherencia=intermedia,polaridad=Negativo,retweet_verified=Sin verificar} => {n_char=largo}",0.0262082131518333,0.504796163069544,0.0519184080014941,1.1634248496848,2526
"{adherencia=alta,polaridad=Negativo,retweet_es_finde=Finde} => {n_char=largo}",0.023904878504285,0.528198074277854,0.0452574132099355,1.21736021413827,2304
"{adherencia=alta,polaridad=Negativo,retweet_verified=Sin verificar} => {n_char=largo}",0.0283351663173622,0.538658777120316,0.0526031831669814,1.2414694339035,2731
"{polaridad=Negativo,retweet_es_finde=Finde,RT_popular=pocos} => {n_char=largo}",0.0211139009358594,0.506470881035341,0.0416882820443651,1.16728464229054,2035
"{polaridad=Negativo,retweet_verified=Sin verificar,RT_popular=pocos} => {n_char=largo}",0.0351206656844639,0.477365674799041,0.0735718287647071,1.10020465502478,3385
"{polaridad=Negativo,retweet_es_finde=Finde,retweet_source=Twitter for Android} => {n_char=largo}",0.0260837085762902,0.546878398955841,0.0476956278143222,1.26041354045199,2514
"{polaridad=Negativo,retweet_source=Twitter for Android,retweet_verified=Sin verificar} => {n_char=largo}",0.0385341661306053,0.50393487109905,0.0764665601460854,1.1614397940235,3714
"{fecha_inicio_T_momento=Tarde,polaridad=Negativo,retweet_es_finde=Finde} => {n_char=largo}",0.0334294785333361,0.513793653324829,0.0650640161025918,1.18416174214481,3222
"{fecha_inicio_T_momento=Tarde,polaridad=Negativo,retweet_verified=Sin verificar} => {n_char=largo}",0.0377248863895748,0.520171673819742,0.0725239152538856,1.19886143298726,3636
"{polaridad=Negativo,retweet_es_finde=Laborable,retweet_verified=Sin verificar} => {n_char=largo}",0.0354215517420265,0.464489795918367,0.0762590525201801,1.07052907793596,3414
"{fecha_inicio_T_momento=Noche,polaridad=Negativo,retweet_es_finde=Finde} => {n_char=largo}",0.0300782303749663,0.481721502160186,0.0624390446348903,1.11024371269526,2899
"{fecha_inicio_T_momento=Noche,polaridad=Negativo,retweet_verified=Sin verificar} => {n_char=largo}",0.0419787927206325,0.473161033797217,0.0887198854557905,1.09051404288585,4046
"{polaridad=Negativo,retweet_es_finde=Finde,retweet_verified=Sin verificar} => {n_char=largo}",0.060135709987342,0.518796992481203,0.115913759830674,1.19569314735702,5796
"{polaridad=Positivo,retweet_es_finde=Finde,RT_popular=amigos medios} => {n_char=largo}",0.0215704177128509,0.547249276125296,0.0394160735407026,1.26126831659074,2079
"{polaridad=Positivo,retweet_verified=Sin verificar,RT_popular=amigos medios} => {n_char=largo}",0.0316656637131415,0.525391633671888,0.0602705899441804,1.21089209298558,3052
"{difusion=alta,polaridad=Positivo,retweet_es_finde=Finde} => {n_char=largo}",0.0255856902741176,0.566245694603904,0.0451847855408686,1.30505015751963,2466
"{difusion=alta,polaridad=Positivo,retweet_verified=Sin verificar} => {n_char=largo}",0.0255338133676413,0.565747126436782,0.0451329086343923,1.30390108659293,2461
"{adherencia=baja,polaridad=Positivo,retweet_verified=Sin verificar} => {n_char=largo}",0.0263015915834907,0.451791124576724,0.0582162644477185,1.04126191848093,2535
"{adherencia=intermedia,polaridad=Positivo,retweet_es_finde=Finde} => {n_char=largo}",0.0216741715258036,0.531687452277933,0.0407648731090868,1.22540232969348,2089
"{adherencia=intermedia,polaridad=Positivo,retweet_verified=Sin verificar} => {n_char=largo}",0.0293830798281837,0.532030809693782,0.0552281546346828,1.22619367990402,2832
"{adherencia=alta,polaridad=Positivo,retweet_es_finde=Finde} => {n_char=largo}",0.0242161399431429,0.543675751222921,0.0445415119005624,1.2530322641471,2334
"{adherencia=alta,polaridad=Positivo,retweet_verified=Sin verificar} => {n_char=largo}",0.0277437695835322,0.545158002038736,0.0508912452532631,1.25644846965488,2674
"{polaridad=Positivo,retweet_es_finde=Finde,RT_popular=pocos} => {n_char=largo}",0.0214044116121267,0.527486576323191,0.040578116245772,1.21572039501618,2063
"{polaridad=Positivo,retweet_verified=Sin verificar,RT_popular=pocos} => {n_char=largo}",0.0354111763607313,0.5,0.0708223527214625,1.15237093187307,3413
"{polaridad=Positivo,retweet_es_finde=Finde,retweet_source=Twitter for Android} => {n_char=largo}",0.0260318316698139,0.537029109589041,0.0484737814114669,1.23771347092018,2509
"{polaridad=Positivo,retweet_source=Twitter for Android,retweet_verified=Sin verificar} => {n_char=largo}",0.038876553713349,0.509865287794258,0.0762486771388848,1.1751078736504,3747
"{fecha_inicio_T_momento=Tarde,polaridad=Positivo,retweet_es_finde=Finde} => {n_char=largo}",0.0353074225477786,0.53171875,0.0664024402896806,1.22547446286377,3403
"{fecha_inicio_T_momento=Tarde,polaridad=Positivo,retweet_verified=Sin verificar} => {n_char=largo}",0.0398622149363989,0.529931034482759,0.0752215143906539,1.22135424007072,3842
"{fecha_inicio_T_momento=Noche,polaridad=Positivo,retweet_es_finde=Laborable} => {n_char=largo}",0.0230022203315972,0.44580735974261,0.0515967711813409,1.02747088516493,2217
"{polaridad=Positivo,retweet_es_finde=Laborable,retweet_verified=Sin verificar} => {n_char=largo}",0.0366458467348675,0.477232806377517,0.0767881969662385,1.09989842761132,3532
"{fecha_inicio_T_momento=Noche,polaridad=Positivo,retweet_es_finde=Finde} => {n_char=largo}",0.0315204083750078,0.501072076529771,0.0629059367931772,1.15484179153237,3038
"{fecha_inicio_T_momento=Noche,polaridad=Positivo,retweet_verified=Sin verificar} => {n_char=largo}",0.042985204706273,0.485072005619951,0.0886161316428379,1.11796575828361,4143
"{polaridad=Positivo,retweet_es_finde=Finde,retweet_verified=Sin verificar} => {n_char=largo}",0.0613081280737067,0.527589285714286,0.116204270506941,1.21595711364964,5909
"{difusion=alta,retweet_es_finde=Finde,RT_popular=muy muchos} => {n_char=largo}",0.030700753252682,0.44349520383693,0.0692245440019921,1.0221419626536,2959
"{difusion=alta,retweet_es_finde=Finde,RT_popular=amigos medios} => {n_char=largo}",0.020190492000581,0.547398030942335,0.0368844805046585,1.26161115804501,1946
"{difusion=alta,retweet_verified=Sin verificar,RT_popular=amigos medios} => {n_char=largo}",0.0273287543317217,0.535474689977638,0.0510365005913967,1.23413093496795,2634
"{adherencia=intermedia,retweet_es_finde=Finde,RT_popular=amigos medios} => {n_char=largo}",0.0258658255690897,0.527172763797843,0.0490651781452968,1.21499713815165,2493
"{adherencia=intermedia,retweet_verified=Sin verificar,RT_popular=amigos medios} => {n_char=largo}",0.0370712373679733,0.49242006615215,0.0752837666784254,1.13490114100951,3573
"{adherencia=alta,retweet_es_finde=Finde,RT_popular=amigos medios} => {n_char=largo}",0.0241538876553713,0.513227513227513,0.0470627295553112,1.18285693536178,2328
"{adherencia=alta,retweet_verified=Sin verificar,RT_popular=amigos medios} => {n_char=largo}",0.0336784876844224,0.484694639390772,0.0694839285343736,1.11709602653725,3246
"{retweet_es_finde=Finde,retweet_source=Twitter for Android,RT_popular=amigos medios} => {n_char=largo}",0.0270797451806354,0.470949115842656,0.0575003631383453,1.0854161429768,2610
"{retweet_source=Twitter for Android,retweet_verified=Sin verificar,RT_popular=amigos medios} => {n_char=largo}",0.0428607001307298,0.448096322811585,0.0956506401610259,1.03274635417457,4131
"{fecha_inicio_T_momento=Tarde,polaridad=Neutro,RT_popular=amigos medios} => {n_char=largo}",0.0225457035546056,0.451110649782022,0.0499782116992799,1.03969359973435,2173
"{fecha_inicio_T_momento=Tarde,retweet_es_finde=Finde,RT_popular=amigos medios} => {n_char=largo}",0.0360025730945612,0.512782621545737,0.070210205225042,1.18183157487795,3470
"{fecha_inicio_T_momento=Tarde,retweet_verified=Sin verificar,RT_popular=amigos medios} => {n_char=largo}",0.0469486003610633,0.495727432077125,0.094706480463157,1.14252376571552,4525
"{retweet_es_finde=Finde,retweet_verified=Sin verificar,RT_popular=amigos medios} => {n_char=largo}",0.071590130937312,0.478933851599917,0.149478118320848,1.10381889774751,6900
"{adherencia=alta,difusion=alta,fecha_inicio_T_momento=Tarde} => {n_char=largo}",0.0205017534394389,0.578285045361428,0.0354526778859123,1.33279775322282,1976
"{adherencia=alta,difusion=alta,fecha_inicio_T_momento=Noche} => {n_char=largo}",0.0231371002884356,0.51572617946346,0.0448631487207155,1.18861571603929,2230
"{adherencia=alta,difusion=alta,polaridad=Neutro} => {n_char=largo}",0.0225457035546056,0.509376465072668,0.0442613766055902,1.17398126346,2173
"{adherencia=alta,difusion=alta,retweet_es_finde=Finde} => {n_char=largo}",0.0340520014110519,0.56295025728988,0.060488472951381,1.29745502518265,3282
"{adherencia=alta,difusion=alta,retweet_verified=Sin verificar} => {n_char=largo}",0.0383992861737669,0.591686650679456,0.0648980100018676,1.36368499404068,3701
"{difusion=alta,retweet_es_finde=Finde,retweet_source=Twitter for Android} => {n_char=largo}",0.0277126434396464,0.517535361364077,0.0535473428648503,1.19278541330478,2671
"{difusion=alta,retweet_source=Twitter for Android,retweet_verified=Sin verificar} => {n_char=largo}",0.0350584133966923,0.502229488703924,0.0698055653545268,1.15750932782375,3379
"{difusion=alta,fecha_inicio_T_momento=Tarde,polaridad=Neutro} => {n_char=largo}",0.0216430453819178,0.469185784975259,0.0461289452387375,1.08135212050708,2086
"{difusion=alta,fecha_inicio_T_momento=Tarde,retweet_es_finde=Finde} => {n_char=largo}",0.0367599759291154,0.529675586784273,0.0694009254840115,1.22076549906602,3543
"{difusion=alta,fecha_inicio_T_momento=Tarde,retweet_verified=Sin verificar} => {n_char=largo}",0.0363760868211907,0.537895059834305,0.0676267352825216,1.23970926270236,3506
"{difusion=alta,fecha_inicio_T_momento=Noche,retweet_es_finde=Laborable} => {n_char=largo}",0.0206885103027536,0.458601655933763,0.0451121578718018,1.05695843521385,1994
"{difusion=alta,retweet_es_finde=Laborable,retweet_verified=Sin verificar} => {n_char=largo}",0.0295179597850221,0.497464591711838,0.0593368056276068,1.14652747024966,2845
"{difusion=alta,fecha_inicio_T_momento=Noche,retweet_es_finde=Finde} => {n_char=largo}",0.037019360461497,0.478091920139354,0.0774314706065448,1.10187846306395,3568
"{difusion=alta,fecha_inicio_T_momento=Noche,retweet_verified=Sin verificar} => {n_char=largo}",0.0403083563320952,0.472915398660986,0.0852337573405823,1.08994791730417,3885
"{difusion=alta,retweet_es_finde=Finde,retweet_verified=Sin verificar} => {n_char=largo}",0.0602705899441804,0.50777972027972,0.118694362017804,1.17030117888998,5809
"{adherencia=intermedia,retweet_source=Twitter for Android,RT_popular=pocos} => {n_char=largo}",0.0200867381876284,0.455422253587391,0.0441057458861613,1.04963073352447,1936
"{adherencia=intermedia,retweet_es_finde=Finde,RT_popular=pocos} => {n_char=largo}",0.0261874623892428,0.500099068753715,0.0523645493971903,1.15259925977715,2524
"{adherencia=intermedia,retweet_verified=Sin verificar,RT_popular=pocos} => {n_char=largo}",0.0413562698429167,0.46467708090464,0.0890000207507626,1.07096072148428,3986
"{adherencia=intermedia,retweet_es_finde=Finde,retweet_source=Twitter for Android} => {n_char=largo}",0.0270797451806354,0.508771929824561,0.0532257060446971,1.17258796576558,2610
"{adherencia=intermedia,retweet_source=Twitter for Android,retweet_verified=Sin verificar} => {n_char=largo}",0.0415534020875267,0.47112104458299,0.0882011163910274,1.08581239434223,4005
"{adherencia=intermedia,fecha_inicio_T_momento=Tarde,polaridad=Neutro} => {n_char=largo}",0.0255441887489365,0.44943410003651,0.0568363387354485,1.03582958534922,2462
"{adherencia=intermedia,fecha_inicio_T_momento=Tarde,retweet_es_finde=Finde} => {n_char=largo}",0.0380050216845469,0.500751879699248,0.0758959141748459,1.15410382049243,3663
"{adherencia=intermedia,fecha_inicio_T_momento=Tarde,retweet_verified=Sin verificar} => {n_char=largo}",0.0434105953393787,0.508878618341036,0.0853063850096491,1.17283385525588,4184
"{adherencia=intermedia,fecha_inicio_T_momento=Noche,retweet_es_finde=Finde} => {n_char=largo}",0.0291340706770974,0.443882390135947,0.0656346620738312,1.02303432712602,2808
"{adherencia=intermedia,polaridad=Neutro,retweet_es_finde=Finde} => {n_char=largo}",0.0390529351953684,0.4476688867745,0.0872362059305679,1.03176122444582,3764
"{adherencia=intermedia,retweet_es_finde=Finde,retweet_verified=Sin verificar} => {n_char=largo}",0.0662156834263659,0.505224825839139,0.131061816521757,1.16441280671532,6382
"{adherencia=alta,retweet_verified=Sin verificar,RT_popular=pocos} => {n_char=largo}",0.026944865223797,0.500674763832659,0.0538171027785271,1.15392608832634,2597
"{adherencia=alta,fecha_inicio_T_momento=Noche,retweet_source=Twitter for Android} => {n_char=largo}",0.0207300118279347,0.471004243281471,0.044012367454504,1.08554319749288,1998
"{adherencia=alta,retweet_es_finde=Finde,retweet_source=Twitter for Android} => {n_char=largo}",0.0272561266626549,0.510791366906475,0.0533605860015356,1.17724224694947,2627
"{adherencia=alta,retweet_source=Twitter for Android,retweet_verified=Sin verificar} => {n_char=largo}",0.038482289224129,0.482440166493236,0.0797659313979789,1.11190004846962,3709
"{adherencia=alta,fecha_inicio_T_momento=Tarde,polaridad=Neutro} => {n_char=largo}",0.0229192172812351,0.454433244188439,0.0504347284762715,1.04735132215907,2209
"{adherencia=alta,fecha_inicio_T_momento=Tarde,retweet_es_finde=Finde} => {n_char=largo}",0.036189329957876,0.510463925069516,0.0708949803905294,1.17648757803989,3488
"{adherencia=alta,fecha_inicio_T_momento=Tarde,retweet_verified=Sin verificar} => {n_char=largo}",0.037890892490299,0.514004222378607,0.0737170841028408,1.18464704945826,3652
"{adherencia=alta,retweet_es_finde=Laborable,retweet_verified=Sin verificar} => {n_char=largo}",0.0343425120873192,0.456425813568671,0.0752422651532444,1.05194368022611,3310
"{adherencia=alta,fecha_inicio_T_momento=Noche,retweet_es_finde=Finde} => {n_char=largo}",0.0350480380153971,0.45797180043384,0.076528812433857,1.05550678087506,3378
"{adherencia=alta,fecha_inicio_T_momento=Noche,retweet_verified=Sin verificar} => {n_char=largo}",0.0447801456703534,0.453123359580053,0.0988255068373763,1.04433237626544,4316
"{adherencia=alta,retweet_es_finde=Finde,retweet_verified=Sin verificar} => {n_char=largo}",0.0632275736133303,0.505978080371969,0.124961092320143,1.16614886397119,6094
"{fecha_inicio_T_momento=Tarde,retweet_source=Twitter for Android,RT_popular=pocos} => {n_char=largo}",0.0242057645618476,0.462438057482656,0.0523437986345998,1.06580035046972,2333
"{retweet_es_finde=Finde,retweet_source=Twitter for Android,RT_popular=pocos} => {n_char=largo}",0.0359195700441991,0.4553465737209,0.0788840239878816,1.04945631096793,3462
"{fecha_inicio_T_momento=Tarde,retweet_es_finde=Finde,RT_popular=pocos} => {n_char=largo}",0.0353904255981407,0.493775332947307,0.0716731339876741,1.13802468112885,3411
"{fecha_inicio_T_momento=Tarde,retweet_verified=Sin verificar,RT_popular=pocos} => {n_char=largo}",0.0508186175841962,0.468304809255187,0.108516112967152,1.07932169888408,4898
"{retweet_es_finde=Finde,retweet_verified=Sin verificar,RT_popular=pocos} => {n_char=largo}",0.0764354340021996,0.463071217549815,0.165061941026333,1.06725962098296,7367
"{fecha_inicio_T_momento=Tarde,retweet_es_finde=Finde,retweet_source=Twitter for Android} => {n_char=largo}",0.0410761345479446,0.503625492939829,0.0815608723620593,1.16072675722821,3959
"{fecha_inicio_T_momento=Tarde,retweet_source=Twitter for Android,retweet_verified=Sin verificar} => {n_char=largo}",0.0548338901454628,0.477157818707114,0.114917723226329,1.09972560038808,5285
"{retweet_es_finde=Finde,retweet_source=Twitter for Android,retweet_verified=Sin verificar} => {n_char=largo}",0.0823182751966135,0.459808751086642,0.179027204249756,1.05974047794621,7934
"{fecha_inicio_T_momento=Tarde,retweet_es_finde=Finde,retweet_verified=Sin verificar} => {n_char=largo}",0.099250897470482,0.487191240132417,0.203720611732481,1.12285004678358,9566
"{1_resp=desde el pasado,adherencia=muy_alta,difusion=alta,retweet_es_finde=Finde} => {n_char=largo}",0.0212902824178789,0.451982378854626,0.0471042310804922,1.04170271022183,2052
"{adherencia=muy_alta,difusion=alta,retweet_es_finde=Finde,RT_popular=muy muchos} => {n_char=largo}",0.0214459131373078,0.445282205945713,0.048162519972609,1.02626054122432,2067
"{adherencia=muy_alta,difusion=alta,fecha_inicio_T_momento=Tarde,retweet_es_finde=Finde} => {n_char=largo}",0.0206262580149821,0.487135506003431,0.0423419310659667,1.12272159400327,1988
"{adherencia=muy_alta,difusion=alta,fecha_inicio_T_momento=Noche,retweet_es_finde=Finde} => {n_char=largo}",0.022203315971862,0.447886144830473,0.0495735718287647,1.03226194818266,2140
"{adherencia=alta,difusion=intermedia,fecha_inicio_T_momento=Noche,retweet_verified=Sin verificar} => {n_char=largo}",0.0203772488638957,0.452013808975834,0.045081031727916,1.04177514853796,1964
"{adherencia=alta,difusion=intermedia,retweet_es_finde=Finde,retweet_verified=Sin verificar} => {n_char=largo}",0.0291548214396879,0.500712758374911,0.0582266398290137,1.15401365593847,2810
"{difusion=intermedia,retweet_es_finde=Finde,retweet_source=Twitter for Android,retweet_verified=Sin verificar} => {n_char=largo}",0.0201386150941047,0.544460028050491,0.0369882343176112,1.25483981978437,1941
"{difusion=intermedia,fecha_inicio_T_momento=Tarde,retweet_es_finde=Finde,retweet_verified=Sin verificar} => {n_char=largo}",0.0229503434251209,0.572908572908573,0.0400593471810089,1.32040637208145,2212
"{difusion=intermedia,polaridad=Neutro,retweet_es_finde=Finde,retweet_verified=Sin verificar} => {n_char=largo}",0.0228154634682825,0.496949152542373,0.045911062231537,1.14533951601758,2199
"{1_resp=desde el pasado,difusion=alta,retweet_es_finde=Finde,retweet_verified=Sin verificar} => {n_char=largo}",0.0230852233819593,0.47199830292745,0.0489095474258679,1.08783424837403,2225
"{1_resp=desde el pasado,adherencia=alta,retweet_es_finde=Finde,retweet_verified=Sin verificar} => {n_char=largo}",0.020979020979021,0.518993839835729,0.0404224855263431,1.19614682969577,2022
"{1_resp=desde el pasado,retweet_es_finde=Finde,retweet_verified=Sin verificar,RT_popular=pocos} => {n_char=largo}",0.0204395011516673,0.491149339316879,0.0416156543752983,1.13197244367487,1970
"{1_resp=desde el pasado,retweet_es_finde=Finde,retweet_source=Twitter for Android,retweet_verified=Sin verificar} => {n_char=largo}",0.0220373098711378,0.450477200424178,0.0489199228071632,1.03823366248077,2124
"{1_resp=desde el pasado,fecha_inicio_T_momento=Tarde,retweet_es_finde=Finde,retweet_verified=Sin verificar} => {n_char=largo}",0.0251706750223071,0.516280059587146,0.048753916706439,1.18989226674785,2426
"{1_resp=hace un ratín,retweet_es_finde=Finde,retweet_source=Twitter for Android,retweet_verified=Sin verificar} => {n_char=largo}",0.0205640057272105,0.492912210892813,0.0417194081882509,1.13603540759633,1982
"{1_resp=hace un ratín,fecha_inicio_T_momento=Tarde,retweet_es_finde=Finde,retweet_verified=Sin verificar} => {n_char=largo}",0.0218194268639373,0.496224634261444,0.0439708659293229,1.14366968840447,2103
"{fecha_inicio_T_momento=Tarde,retweet_es_finde=Finde,retweet_verified=Sin verificar,RT_popular=muchos} => {n_char=largo}",0.0212695316552883,0.494214079074253,0.0430370816127493,1.13903587769518,2050
"{fecha_inicio_T_momento=Tarde,retweet_es_finde=Finde,retweet_source=Twitter for iPhone,retweet_verified=Sin verificar} => {n_char=largo}",0.0203668734826005,0.447254499886079,0.0455375485049076,1.03080616963629,1963
"{polaridad=Positivo,retweet_es_finde=Finde,retweet_source=Twitter Web App,retweet_verified=Sin verificar} => {n_char=largo}",0.0206055072523915,0.598733795598432,0.034415139756386,1.37992684395533,1986
"{retweet_es_finde=Finde,retweet_source=Twitter Web App,retweet_verified=Sin verificar,RT_popular=amigos medios} => {n_char=largo}",0.0226598327488535,0.559139784946237,0.0405262393392957,1.28867287005161,2184
"{adherencia=intermedia,retweet_es_finde=Finde,retweet_source=Twitter Web App,retweet_verified=Sin verificar} => {n_char=largo}",0.0212902824178789,0.582127659574468,0.0365732190658007,1.34165398706584,2052
"{retweet_es_finde=Finde,retweet_source=Twitter Web App,retweet_verified=Sin verificar,RT_popular=pocos} => {n_char=largo}",0.0221410636840904,0.52730417593279,0.0419891681019277,1.21530000920046,2134
"{fecha_inicio_T_momento=Tarde,retweet_es_finde=Finde,retweet_source=Twitter Web App,retweet_verified=Sin verificar} => {n_char=largo}",0.031292149986512,0.548263952008726,0.0570749725052396,1.26360688257742,3016
"{fecha_inicio_T_momento=Noche,retweet_es_finde=Finde,retweet_source=Twitter Web App,retweet_verified=Sin verificar} => {n_char=largo}",0.0242265153244382,0.510382513661202,0.0474673694258264,1.17629994575896,2335
"{polaridad=Neutro,retweet_es_finde=Finde,retweet_source=Twitter Web App,retweet_verified=Sin verificar} => {n_char=largo}",0.0279927787346185,0.486038551612322,0.0575937415700027,1.12019339729546,2698
"{adherencia=intermedia,difusion=baja,retweet_verified=Sin verificar,RT_popular=amigos medios} => {n_char=largo}",0.0205951318710963,0.51345059493016,0.0401112240874852,1.1833710811009,1985
"{difusion=baja,retweet_es_finde=Finde,retweet_verified=Sin verificar,RT_popular=amigos medios} => {n_char=largo}",0.0202008673818763,0.505320529457566,0.0399763441306468,1.16463337885122,1947
"{adherencia=intermedia,difusion=baja,retweet_verified=Sin verificar,RT_popular=pocos} => {n_char=largo}",0.0215807930941462,0.481036077705828,0.0448631487207155,1.10866398626086,2080
"{adherencia=intermedia,difusion=baja,retweet_source=Twitter for Android,retweet_verified=Sin verificar} => {n_char=largo}",0.0208441410221826,0.47958940081165,0.043462472245855,1.10532976945954,2009
"{adherencia=intermedia,difusion=baja,fecha_inicio_T_momento=Tarde,retweet_es_finde=Finde} => {n_char=largo}",0.0208130148782968,0.515946502057613,0.040339482475981,1.18912350274557,2006
"{adherencia=intermedia,difusion=baja,fecha_inicio_T_momento=Tarde,retweet_verified=Sin verificar} => {n_char=largo}",0.0231682264323214,0.52307331927852,0.044292502749476,1.20554897674986,2233
"{adherencia=intermedia,difusion=baja,fecha_inicio_T_momento=Noche,retweet_verified=Sin verificar} => {n_char=largo}",0.023074848000664,0.455271238485159,0.0506837376273578,1.0492826826963,2224
"{adherencia=intermedia,difusion=baja,polaridad=Neutro,retweet_es_finde=Finde} => {n_char=largo}",0.021373285468241,0.464906341683593,0.0459733145193086,1.07148910839925,2060
"{adherencia=intermedia,difusion=baja,polaridad=Neutro,retweet_verified=Sin verificar} => {n_char=largo}",0.0255856902741176,0.449180327868852,0.0569608433109917,1.03524470601056,2466
"{adherencia=intermedia,difusion=baja,retweet_es_finde=Finde,retweet_verified=Sin verificar} => {n_char=largo}",0.0362827083895333,0.521317829457364,0.0695980577286215,1.20150302586766,3497
"{difusion=baja,retweet_es_finde=Finde,retweet_verified=Sin verificar,RT_popular=pocos} => {n_char=largo}",0.0209478948351352,0.490286546867411,0.0427258201738914,1.12998392979686,2019
"{difusion=baja,retweet_es_finde=Finde,retweet_source=Twitter for Android,retweet_verified=Sin verificar} => {n_char=largo}",0.0202527442883526,0.47996065896238,0.042196675727833,1.10618542366178,1952
"{difusion=baja,fecha_inicio_T_momento=Tarde,retweet_es_finde=Finde,retweet_verified=Sin verificar} => {n_char=largo}",0.0256686933244797,0.513491075134911,0.0499885870805752,1.18346437752345,2474
"{difusion=baja,fecha_inicio_T_momento=Noche,retweet_es_finde=Finde,retweet_verified=Sin verificar} => {n_char=largo}",0.0209478948351352,0.448367754830113,0.0467203419725675,1.03337193491083,2019
"{polaridad=Negativo,retweet_es_finde=Finde,retweet_verified=Sin verificar,RT_popular=amigos medios} => {n_char=largo}",0.0204706272955531,0.535413839891452,0.0382332800730427,1.2339906912269,1973
"{polaridad=Negativo,retweet_es_finde=Finde,retweet_verified=Sin verificar,RT_popular=pocos} => {n_char=largo}",0.0210620240293831,0.506993006993007,0.0415430267062315,1.16848800784332,2030
"{polaridad=Negativo,retweet_es_finde=Finde,retweet_source=Twitter for Android,retweet_verified=Sin verificar} => {n_char=largo}",0.0234898632524745,0.534971644612476,0.0439086136415513,1.2329715452555,2264
"{fecha_inicio_T_momento=Tarde,polaridad=Negativo,retweet_es_finde=Finde,retweet_verified=Sin verificar} => {n_char=largo}",0.0263015915834907,0.527575442247659,0.0498537071237368,1.21592520803257,2535
"{fecha_inicio_T_momento=Noche,polaridad=Negativo,retweet_es_finde=Finde,retweet_verified=Sin verificar} => {n_char=largo}",0.0240708846050092,0.496150556030796,0.0485152829366479,1.1434989572051,2320
"{polaridad=Positivo,retweet_es_finde=Finde,retweet_verified=Sin verificar,RT_popular=amigos medios} => {n_char=largo}",0.0200971135689237,0.545019696117051,0.0368741051233633,1.25612971020717,1937
"{polaridad=Positivo,retweet_es_finde=Finde,retweet_verified=Sin verificar,RT_popular=pocos} => {n_char=largo}",0.0212695316552883,0.526586180323658,0.0403913593824573,1.21364521466211,2050
"{polaridad=Positivo,retweet_es_finde=Finde,retweet_source=Twitter for Android,retweet_verified=Sin verificar} => {n_char=largo}",0.0231578510510261,0.525795053003534,0.0440434935983897,1.21182187040787,2232
"{fecha_inicio_T_momento=Tarde,polaridad=Positivo,retweet_es_finde=Finde,retweet_verified=Sin verificar} => {n_char=largo}",0.0275466373389222,0.542168674698795,0.050808242202901,1.24955884179008,2655
"{fecha_inicio_T_momento=Noche,polaridad=Positivo,retweet_es_finde=Finde,retweet_verified=Sin verificar} => {n_char=largo}",0.0244236475690482,0.504933504933505,0.0483700275985142,1.16374138722832,2354
"{adherencia=intermedia,retweet_es_finde=Finde,retweet_verified=Sin verificar,RT_popular=amigos medios} => {n_char=largo}",0.0241435122740761,0.523863124718595,0.0460874437135565,1.20736927441181,2327
"{adherencia=alta,retweet_es_finde=Finde,retweet_verified=Sin verificar,RT_popular=amigos medios} => {n_char=largo}",0.021850553007823,0.501428571428571,0.0435766014401029,1.15566342024985,2106
"{retweet_es_finde=Finde,retweet_source=Twitter for Android,retweet_verified=Sin verificar,RT_popular=amigos medios} => {n_char=largo}",0.0260837085762902,0.46590066716086,0.055985557469237,1.07378077195289,2514
"{fecha_inicio_T_momento=Tarde,polaridad=Neutro,retweet_verified=Sin verificar,RT_popular=amigos medios} => {n_char=largo}",0.0208337656408873,0.442680776014109,0.0470627295553112,1.02026491675535,2008
"{fecha_inicio_T_momento=Tarde,retweet_es_finde=Finde,retweet_verified=Sin verificar,RT_popular=amigos medios} => {n_char=largo}",0.0331389678570687,0.504900411002213,0.0656346620738312,1.16366511425943,3194
"{adherencia=alta,difusion=alta,retweet_es_finde=Finde,retweet_verified=Sin verificar} => {n_char=largo}",0.0254300595546886,0.605783489866535,0.0419787927206325,1.39617456946164,2451
"{difusion=alta,retweet_es_finde=Finde,retweet_source=Twitter for Android,retweet_verified=Sin verificar} => {n_char=largo}",0.0229503434251209,0.498535046202389,0.0460355668070802,1.14899459152726,2212
"{difusion=alta,fecha_inicio_T_momento=Tarde,retweet_es_finde=Finde,retweet_verified=Sin verificar} => {n_char=largo}",0.0253781826482123,0.537582417582418,0.0472079848934448,1.23898870301606,2446
"{difusion=alta,fecha_inicio_T_momento=Noche,retweet_es_finde=Finde,retweet_verified=Sin verificar} => {n_char=largo}",0.0256168164180034,0.473987329621808,0.0540453611670229,1.09241844146462,2469
"{adherencia=intermedia,retweet_source=Twitter for Android,retweet_verified=Sin verificar,RT_popular=pocos} => {n_char=largo}",0.0200763628063331,0.45583038869258,0.0440434935983897,1.05057137958746,1935
"{adherencia=intermedia,retweet_es_finde=Finde,retweet_verified=Sin verificar,RT_popular=pocos} => {n_char=largo}",0.0260940839575854,0.500996015936255,0.0520844141022183,1.15466649149832,2515
"{adherencia=intermedia,retweet_es_finde=Finde,retweet_source=Twitter for Android,retweet_verified=Sin verificar} => {n_char=largo}",0.0253678072669171,0.501847290640394,0.0505488576705194,1.15662845994649,2445
"{adherencia=intermedia,fecha_inicio_T_momento=Tarde,polaridad=Neutro,retweet_verified=Sin verificar} => {n_char=largo}",0.0206885103027536,0.47453593526892,0.0435973522026934,1.09368283586621,1994
"{adherencia=intermedia,fecha_inicio_T_momento=Tarde,retweet_es_finde=Finde,retweet_verified=Sin verificar} => {n_char=largo}",0.0312091469361499,0.529111697449428,0.0589840426635679,1.21946587970948,3008
"{adherencia=intermedia,fecha_inicio_T_momento=Noche,retweet_es_finde=Finde,retweet_verified=Sin verificar} => {n_char=largo}",0.0241850137992571,0.463327370304114,0.0521985432964662,1.0678499869593,2331
"{adherencia=intermedia,polaridad=Neutro,retweet_es_finde=Finde,retweet_verified=Sin verificar} => {n_char=largo}",0.0317486667635036,0.469973890339426,0.0675541076134548,1.08316849993291,3060
"{adherencia=alta,retweet_es_finde=Finde,retweet_source=Twitter for Android,retweet_verified=Sin verificar} => {n_char=largo}",0.0241746384179619,0.5,0.0483492768359237,1.15237093187307,2330
"{adherencia=alta,fecha_inicio_T_momento=Tarde,retweet_es_finde=Finde,retweet_verified=Sin verificar} => {n_char=largo}",0.0268826129360254,0.526626016260163,0.051046875972692,1.21373702621265,2591
"{adherencia=alta,fecha_inicio_T_momento=Noche,retweet_es_finde=Finde,retweet_verified=Sin verificar} => {n_char=largo}",0.0262704654396049,0.468368479467259,0.0560893112821896,1.07946844228732,2532
"{adherencia=alta,polaridad=Neutro,retweet_es_finde=Finde,retweet_verified=Sin verificar} => {n_char=largo}",0.0270693697993401,0.449053356282272,0.0602809653254757,1.03495206927946,2609
"{fecha_inicio_T_momento=Tarde,retweet_source=Twitter for Android,retweet_verified=Sin verificar,RT_popular=pocos} => {n_char=largo}",0.0241642630366666,0.462470214455917,0.0522504202029425,1.06587446399221,2329
"{retweet_es_finde=Finde,retweet_source=Twitter for Android,retweet_verified=Sin verificar,RT_popular=pocos} => {n_char=largo}",0.0358573177564275,0.455096128522518,0.0787906455562242,1.04887909943464,3456
"{fecha_inicio_T_momento=Tarde,retweet_es_finde=Finde,retweet_verified=Sin verificar,RT_popular=pocos} => {n_char=largo}",0.0352347948787118,0.493461203138623,0.0714033740739972,1.13730069300812,3396
"{fecha_inicio_T_momento=Tarde,retweet_es_finde=Finde,retweet_source=Twitter for Android,retweet_verified=Sin verificar} => {n_char=largo}",0.0373098711377643,0.492940370116518,0.0756884065489407,1.13610030733806,3596
